id,fname,mname,lname,email,phone,hiredate
,Nolie,Pen,Castenda,pcastenda0@columbia.edu,687-714-6749,11/15/2020
,Violante,Nessy,Bardey,nbardey1@delicious.com,822-488-7994,10/29/2020
,Maryann,Deni,Sweetenham,dsweetenham2@yahoo.co.jp,606-476-1667,4/28/2020
,Lindie,Tybie,Blamphin,tblamphin3@examiner.com,971-402-5618,03/08/2021
,Gannon,Xymenes,Moseley,xmoseley4@freewebs.com,181-866-8298,11/29/2020
,Gloriane,Brannon,Sagerson,bsagerson5@yale.edu,423-997-9722,8/22/2020
,Steven,Moe,Balassa,mbalassa6@t.co,704-411-6560,09/02/2020
,Ingeberg,Humbert,Metts,hmetts7@ted.com,926-159-0964,1/16/2021
,Frederich,Zaneta,Kirlin,zkirlin8@barnesandnoble.com,674-806-8872,4/29/2020
,Gage,Lesya,Gogie,lgogie9@chicagotribune.com,527-237-9863,4/16/2020
,Ara,Vida,Franzoli,vfranzolia@woothemes.com,848-416-0638,10/14/2020
,Braden,Mimi,Leas,mleasb@blogs.com,991-138-9072,8/23/2020
,Nadeen,Barry,Grimmert,bgrimmertc@mac.com,880-696-4612,03/08/2021
,Salomo,Miriam,Ivchenko,mivchenkod@blogspot.com,178-371-1991,2/26/2021
,Alberta,Lawry,Yegorchenkov,lyegorchenkove@webnode.com,680-152-3726,9/30/2020
,Towny,Filide,Weekley,fweekleyf@theatlantic.com,692-372-2320,5/18/2020
,Allis,Emilie,Danet,edanetg@ameblo.jp,290-293-4627,01/02/2021
,Gonzales,Tito,Skillings,tskillingsh@nytimes.com,127-341-3670,06/01/2020
,Austen,Sal,Grimble,sgrimblei@moonfruit.com,375-110-0430,5/25/2020
,Margarethe,Lina,Renzini,lrenzinij@imageshack.us,767-971-5189,8/23/2020
,Ara,Cassie,Swyer,cswyerk@mapquest.com,540-682-9876,01/12/2021
,Rodger,Chance,Peasby,cpeasbyl@shop-pro.jp,146-708-5505,4/20/2020
,Kore,Aguistin,Alesi,aalesim@paginegialle.it,270-536-5451,1/16/2021
,Seka,Ginny,Baggett,gbaggettn@last.fm,324-973-8297,11/17/2020
,Rowney,Cesaro,McKinn,cmckinno@bigcartel.com,408-460-2065,04/06/2020
,Dulcie,Henri,Jollie,hjolliep@china.com.cn,852-311-3858,3/29/2020
,Arley,Britte,Cardello,bcardelloq@yale.edu,703-517-3633,08/04/2020
,Therese,Caesar,Coytes,ccoytesr@skyrock.com,615-788-1270,9/13/2020
,Lorie,Claresta,Bennedick,cbennedicks@bloomberg.com,602-264-5282,8/30/2020
,Odella,Marshal,Walas,mwalast@about.com,887-702-9683,10/23/2020
,Shirlee,Marjory,Hitscher,mhitscheru@cocolog-nifty.com,111-417-9194,12/14/2020
,Carma,Fraze,Radeliffe,fradeliffev@usnews.com,942-349-9497,11/23/2020
,Tito,Perren,Askie,paskiew@hibu.com,488-354-8188,06/12/2020
,Sabine,Marty,Relph,mrelphx@wufoo.com,357-628-2377,10/17/2020
,Thedric,Audie,Pendre,apendrey@symantec.com,182-729-3253,11/11/2020
,Umberto,Tadio,Anlay,tanlayz@techcrunch.com,351-772-9835,8/15/2020
,Erv,Norton,Cheales,ncheales10@google.ca,843-472-7380,6/29/2020
,Angelo,Charles,Galbreath,cgalbreath11@gnu.org,617-945-6681,6/21/2020
,Ophelie,Jonas,McNee,jmcnee12@cargocollective.com,449-806-4500,11/01/2020
,Maureen,Fernande,Scolli,fscolli13@discuz.net,872-466-1378,4/28/2020
,Wilhelm,Dav,Dolligon,ddolligon14@a8.net,342-455-4382,9/28/2020
,Alfie,Lanie,Hyndes,lhyndes15@scientificamerican.com,698-541-0354,5/25/2020
,Pate,Riannon,Grassi,rgrassi16@netvibes.com,826-815-4713,12/02/2020
,Maddie,Kimmy,Dunhill,kdunhill17@oracle.com,431-446-3929,10/26/2020
,Francine,Israel,Ivanov,iivanov18@people.com.cn,226-578-7812,5/22/2020
,Noam,Francoise,Strut,fstrut19@goodreads.com,600-328-3983,9/19/2020
,Jedd,Marcelo,O'Lochan,molochan1a@hc360.com,199-545-7999,1/25/2021
,Donna,Shaylah,Clark,sclark1b@thetimes.co.uk,490-202-2225,10/26/2020
,Erny,Wadsworth,Stollsteimer,wstollsteimer1c@businesswire.com,330-492-9665,8/28/2020
,Silvie,Anderea,Bernardino,abernardino1d@jalbum.net,542-442-0235,07/01/2020
,Ben,Bondy,Prujean,bprujean1e@google.ca,429-327-7817,11/03/2020
,Sylvan,Melany,Faughnan,mfaughnan1f@booking.com,321-382-0884,11/15/2020
,Maxim,Hammad,Sulland,hsulland1g@slashdot.org,567-599-4646,12/27/2020
,Jeanelle,Zilvia,Mertel,zmertel1h@tinyurl.com,496-426-8825,12/16/2020
,Torrey,Kordula,Vecard,kvecard1i@liveinternet.ru,223-442-2301,11/22/2020
,Andromache,Grover,Maharey,gmaharey1j@yelp.com,659-117-4872,2/20/2021
,Thornton,Verney,Sames,vsames1k@ebay.com,426-925-9111,01/07/2021
,Agosto,Yoshiko,Spancock,yspancock1l@hatena.ne.jp,355-789-4910,12/11/2020
,Anna-diane,Randie,Hay,rhay1m@mtv.com,193-412-1987,03/08/2021
,Verile,Shem,Howsley,showsley1n@prlog.org,256-650-0331,06/06/2020
,Dannie,Schuyler,McGeachie,smcgeachie1o@homestead.com,416-966-6764,12/15/2020
,Hettie,Rutger,Pardi,rpardi1p@go.com,872-134-8030,8/16/2020
,Anitra,Leonhard,McGennis,lmcgennis1q@domainmarket.com,825-929-3781,03/10/2021
,Armin,Katharina,Sarle,ksarle1r@exblog.jp,110-750-5391,2/20/2021
,Deidre,Leone,Dugald,ldugald1s@wordpress.org,629-757-2303,05/05/2020
,Amalea,Stefano,Cramer,scramer1t@elpais.com,635-570-9957,07/09/2020
,Idaline,Chelsey,Warwick,cwarwick1u@princeton.edu,694-191-9289,5/27/2020
,Klemens,Jamaal,Copyn,jcopyn1v@eventbrite.com,577-445-5129,10/25/2020
,Hadlee,Sara-ann,Wooding,swooding1w@furl.net,201-361-3473,07/02/2020
,Sherrie,Annelise,Grayham,agrayham1x@weather.com,200-269-1799,6/25/2020
,Linnell,Worthington,McKeighen,wmckeighen1y@cmu.edu,838-524-3522,11/15/2020
,Cleveland,Thomasin,Brosio,tbrosio1z@chron.com,826-331-1863,2/20/2021
,Karilynn,Audi,Heinig,aheinig20@howstuffworks.com,940-104-4445,7/22/2020
,Inna,Theo,Coysh,tcoysh21@slideshare.net,394-579-3563,5/31/2020
,Kathye,Mollee,Tolumello,mtolumello22@youtu.be,563-505-8085,03/11/2021
,Read,Even,Cossington,ecossington23@nyu.edu,921-995-0348,1/21/2021
,Florri,Lorena,Damarell,ldamarell24@purevolume.com,364-907-4246,01/11/2021
,Guenna,Angela,Eyam,aeyam25@ask.com,105-907-0629,05/01/2020
,Brigit,Fin,Payton,fpayton26@livejournal.com,149-786-5488,12/02/2020
,Lena,Gregor,Kinde,gkinde27@sogou.com,782-180-9262,9/24/2020
,Prentice,Fredrick,Sprowell,fsprowell28@hubpages.com,897-617-4711,09/03/2020
,Worthy,Rozanne,Nisco,rnisco29@t-online.de,575-962-9542,5/17/2020
,Amata,Marcelo,Clemence,mclemence2a@usgs.gov,845-283-5700,12/11/2020
,Aubrette,Josefina,Gemnett,jgemnett2b@yellowbook.com,927-777-3523,3/30/2020
,Dannie,Inga,Genney,igenney2c@google.fr,385-786-2195,2/20/2021
,Emlyn,Henderson,Dilger,hdilger2d@hao123.com,653-546-5320,01/12/2021
,Robinet,Erie,Dayley,edayley2e@tinypic.com,472-492-6875,4/19/2020
,Stephannie,Janelle,Lewnden,jlewnden2f@163.com,818-455-3618,12/21/2020
,Isabelita,Archie,Stuer,astuer2g@issuu.com,629-472-0331,3/17/2021
,Stuart,Adriane,Girardy,agirardy2h@constantcontact.com,218-802-9821,7/27/2020
,Zelig,Abel,Hampson,ahampson2i@paypal.com,548-701-3303,12/02/2020
,Marley,Marshall,Eakeley,meakeley2j@nature.com,273-118-6072,4/21/2020
,Max,Renaldo,Conduit,rconduit2k@canalblog.com,398-630-7788,4/22/2020
,Nat,Normie,Tortoishell,ntortoishell2l@ask.com,599-552-5984,01/09/2021
,Yuma,Ardyce,Laurens,alaurens2m@ucla.edu,464-260-5459,3/28/2020
,Lek,Sarge,Bresnahan,sbresnahan2n@meetup.com,957-762-5088,01/07/2021
,Janaye,Ettore,Spancock,espancock2o@harvard.edu,657-602-9028,06/11/2020
,Brnaby,Twyla,Oneal,toneal2p@cam.ac.uk,122-256-8177,09/10/2020
,Florri,Myrna,Goodbanne,mgoodbanne2q@china.com.cn,836-365-9307,7/21/2020
,Finley,Konstantine,Le Gassick,klegassick2r@apache.org,421-985-9134,12/31/2020
,Herschel,Frank,Grzegorzewicz,fgrzegorzewicz2s@umn.edu,951-466-4257,10/25/2020
,Belvia,Sunny,Petruszka,spetruszka2t@digg.com,207-147-3502,5/18/2020
,Marena,Sheila-kathryn,Bickmore,sbickmore2u@cloudflare.com,342-610-4425,9/19/2020
,Octavius,Rosaline,Bachura,rbachura2v@netvibes.com,435-189-0884,09/09/2020
,Trixi,Cullie,Cunniam,ccunniam2w@twitter.com,735-194-4568,7/21/2020
,Josee,Cull,Cairns,ccairns2x@tripod.com,237-388-8575,01/10/2021
,Peyter,Cleveland,Smowton,csmowton2y@yahoo.co.jp,399-314-1572,5/31/2020
,Freedman,Eve,Bernardes,ebernardes2z@seattletimes.com,482-957-3439,11/14/2020
,Lorilyn,Dolores,Cotty,dcotty30@gmpg.org,123-984-7644,10/23/2020
,Lora,Bili,Guild,bguild31@webmd.com,124-757-8622,08/06/2020
,Jeromy,Hebert,Calbaithe,hcalbaithe32@sogou.com,290-898-3397,3/24/2021
,Sandra,Geraldine,Kohlerman,gkohlerman33@ebay.com,611-361-0795,1/31/2021
,Tova,Libby,Windous,lwindous34@geocities.jp,631-401-1276,2/15/2021
,Stuart,Raddie,Josofovitz,rjosofovitz35@huffingtonpost.com,305-242-5051,4/22/2020
,Dacy,Beverley,Loidl,bloidl36@globo.com,489-493-9003,2/17/2021
,Bengt,Nollie,Pibsworth,npibsworth37@stanford.edu,951-188-5589,06/11/2020
,Ange,Grant,Aldritt,galdritt38@marriott.com,967-211-4067,09/05/2020
,Jordanna,Salim,McKall,smckall39@51.la,156-459-9066,11/28/2020
,Mil,Obediah,Cumberland,ocumberland3a@usatoday.com,999-649-9549,08/09/2020
,Ragnar,Joleen,Cesaric,jcesaric3b@wp.com,386-921-8037,3/18/2021
,Curtice,Erin,Recher,erecher3c@biblegateway.com,923-909-3756,06/11/2020
,Joy,Lesli,Besson,lbesson3d@google.cn,963-560-1823,01/02/2021
,Bev,Pete,Reddie,preddie3e@ebay.com,945-459-6525,05/08/2020
,Bridget,Aldwin,Dowden,adowden3f@miibeian.gov.cn,336-981-8433,4/19/2020
,Joseito,Jorrie,Turfs,jturfs3g@patch.com,837-693-2568,01/12/2021
,Milzie,Hertha,Staining,hstaining3h@so-net.ne.jp,109-553-1560,6/17/2020
,Ellery,Beckie,Inglis,binglis3i@netscape.com,510-698-2201,4/28/2020
,Anson,Arleta,Machan,amachan3j@princeton.edu,384-930-8248,10/04/2020
,Kora,Dorree,Madders,dmadders3k@cnet.com,304-146-7411,03/06/2021
,Morry,Morissa,Spencley,mspencley3l@arstechnica.com,271-269-3438,2/21/2021
,Desmond,Darin,Kaas,dkaas3m@amazon.co.uk,328-986-6813,10/15/2020
,Kingsly,Ninnetta,Echalie,nechalie3n@newsvine.com,627-509-7057,06/07/2020
,Maire,Annemarie,Taggart,ataggart3o@kickstarter.com,939-239-8097,07/03/2020
,Selig,Wren,Ivell,wivell3p@ihg.com,762-799-0432,12/09/2020
,Mag,Faustina,Rubbens,frubbens3q@independent.co.uk,287-461-8748,02/05/2021
,Vernice,Selia,Walhedd,swalhedd3r@twitter.com,865-801-6713,10/05/2020
,Nathanael,Jeremie,Fibben,jfibben3s@taobao.com,322-744-1218,9/16/2020
,Gram,Morna,Bernaldez,mbernaldez3t@biglobe.ne.jp,234-156-9811,08/03/2020
,Fleur,Dacie,Moraleda,dmoraleda3u@shareasale.com,541-750-7370,09/02/2020
,Arielle,Cirillo,Kauscher,ckauscher3v@friendfeed.com,949-146-5780,8/24/2020
,Constantia,Berton,Brisbane,bbrisbane3w@google.es,706-574-5073,04/04/2020
,Udell,Alaine,Engel,aengel3x@intel.com,768-820-4513,5/16/2020
,Anastassia,Celeste,Bilbrooke,cbilbrooke3y@sina.com.cn,212-793-9496,02/11/2021
,Adara,Farlay,Braybrooke,fbraybrooke3z@ustream.tv,266-395-4833,9/18/2020
,Orsa,Moll,Awde,mawde40@gizmodo.com,336-903-4719,2/18/2021
,Willie,Brandon,Beaford,bbeaford41@vk.com,161-858-0158,07/10/2020
,Jordan,Mano,Tallboy,mtallboy42@patch.com,523-103-1349,8/22/2020
,Kareem,Nicolais,Collard,ncollard43@jimdo.com,591-150-0834,3/22/2021
,Roze,Camila,Leopard,cleopard44@mozilla.org,113-610-1482,12/30/2020
,Corella,Adela,Taree,ataree45@ucsd.edu,751-971-0381,03/07/2021
,Leila,Sydney,Stollwerck,sstollwerck46@thetimes.co.uk,540-256-0822,8/29/2020
,Claudetta,Maurene,Bethel,mbethel47@freewebs.com,233-725-4034,11/08/2020
,Moishe,Dominica,Janisson,djanisson48@plala.or.jp,167-681-0891,11/20/2020
,Selina,Bess,Warlock,bwarlock49@scientificamerican.com,620-476-9299,3/25/2021
,Nicolis,Armstrong,Tettersell,atettersell4a@google.pl,321-298-1404,8/28/2020
,Frazer,Chris,Londsdale,clondsdale4b@yahoo.com,661-932-0317,7/20/2020
,Beckie,Cloris,Lissenden,clissenden4c@people.com.cn,632-883-2815,9/28/2020
,Anna-maria,Arleen,Beddingham,abeddingham4d@feedburner.com,950-592-9230,3/30/2020
,Levey,Cyndy,Offa,coffa4e@earthlink.net,184-433-6516,6/22/2020
,Frank,Wilden,Kender,wkender4f@usda.gov,241-404-9506,6/13/2020
,Marijn,Amber,Themann,athemann4g@ifeng.com,476-365-5622,08/09/2020
,Shannon,Margette,Rubberts,mrubberts4h@princeton.edu,128-850-9229,1/23/2021
,Gloriana,Rachael,O'Sharry,rosharry4i@boston.com,632-696-4169,5/16/2020
,Chev,Jen,Snodin,jsnodin4j@t.co,752-731-4469,9/22/2020
,Courtnay,Rani,Hodges,rhodges4k@sakura.ne.jp,661-109-2941,5/13/2020
,Efren,Raquel,Normansell,rnormansell4l@merriam-webster.com,566-226-2555,11/12/2020
,Letisha,Cherye,Happs,chapps4m@wiley.com,663-482-8230,03/07/2021
,Chris,Lydie,Dommett,ldommett4n@uol.com.br,540-705-6188,07/11/2020
,Bebe,Cathrine,Straw,cstraw4o@toplist.cz,826-977-7285,09/03/2020
,Cristian,Sim,Botfield,sbotfield4p@de.vu,290-841-3001,2/19/2021
,Virge,Arturo,Jacob,ajacob4q@1688.com,103-364-4106,2/18/2021
,Caldwell,Adeline,O'Cooney,aocooney4r@nifty.com,354-803-2356,7/20/2020
,Saundra,Deedee,Arkcoll,darkcoll4s@wix.com,873-796-4663,01/09/2021
,Grover,Gale,McMains,gmcmains4t@php.net,382-274-6088,02/06/2021
,Eirena,Matti,Duckerin,mduckerin4u@list-manage.com,377-333-3419,7/27/2020
,Anthiathia,Evita,Gingel,egingel4v@google.it,581-299-5865,07/09/2020
,Carmel,Shurlocke,Oby,soby4w@e-recht24.de,607-434-6668,11/12/2020
,Maryrose,Mellie,Woodford,mwoodford4x@aboutads.info,141-182-1192,07/12/2020
,Saxon,Corene,Arkow,carkow4y@reuters.com,498-150-5678,1/20/2021
,Darb,Archambault,Larmor,alarmor4z@latimes.com,478-164-8141,2/15/2021
,Dorise,Rani,Benedite,rbenedite50@hubpages.com,609-699-7376,9/26/2020
,Lurleen,Eldon,Godridge,egodridge51@home.pl,282-527-2650,6/27/2020
,Alexine,Rafaela,Northcliffe,rnorthcliffe52@barnesandnoble.com,459-604-0886,04/07/2020
,Crawford,Marthena,Eva,meva53@redcross.org,660-203-4892,7/25/2020
,Doralia,Chad,Stanhope,cstanhope54@dell.com,360-766-4425,11/23/2020
,Burton,Rafi,Presley,rpresley55@gmpg.org,922-255-0793,07/11/2020
,Phillida,Kristoforo,Anshell,kanshell56@theatlantic.com,296-708-2287,3/24/2021
,Tammie,Meridel,Pilfold,mpilfold57@blinklist.com,269-179-8507,02/02/2021
,Celestia,Kermie,Minocchi,kminocchi58@123-reg.co.uk,659-603-1747,08/01/2020
,Enoch,Krispin,Healeas,khealeas59@npr.org,346-887-9669,2/26/2021
,Edsel,Billye,Bremond,bbremond5a@washington.edu,930-952-2197,4/26/2020
,Myron,Katherine,Caudrey,kcaudrey5b@woothemes.com,715-662-1763,12/15/2020
,Jemima,Corina,Mathivat,cmathivat5c@netvibes.com,164-433-9241,07/05/2020
,Grant,Jehu,Rosenblum,jrosenblum5d@so-net.ne.jp,675-326-8560,09/06/2020
,Cleve,Dasi,Sothcott,dsothcott5e@canalblog.com,335-764-7100,09/04/2020
,Saxon,Gunner,Cussen,gcussen5f@usda.gov,153-353-1986,1/22/2021
,Lucais,Lukas,Blessed,lblessed5g@wisc.edu,624-256-8980,6/18/2020
,Cordie,Erinn,Taborre,etaborre5h@angelfire.com,701-770-9395,06/02/2020
,Shelia,Amberly,Hotson,ahotson5i@cyberchimps.com,992-206-7447,03/10/2021
,Melanie,Sheeree,Nesbeth,snesbeth5j@netscape.com,750-635-6877,08/02/2020
,Orson,Bert,Swetenham,bswetenham5k@bing.com,647-576-2941,05/05/2020
,Terrance,Elyse,Lloyd,elloyd5l@merriam-webster.com,327-786-1821,11/23/2020
,Shanie,Cristionna,Lenihan,clenihan5m@fastcompany.com,807-124-6599,08/05/2020
,Jase,Sigismondo,Carreyette,scarreyette5n@github.io,991-979-3840,9/22/2020
,Tremaine,Fair,Daveren,fdaveren5o@rakuten.co.jp,640-101-5858,5/28/2020
,Richart,Alfi,Creighton,acreighton5p@answers.com,612-623-6300,07/07/2020
,Jade,Georgianne,Duplain,gduplain5q@google.ca,290-152-6228,1/26/2021
,Harriette,Prent,O'Devey,podevey5r@1und1.de,246-529-0730,09/06/2020
,Frankie,Kylynn,Guierre,kguierre5s@eepurl.com,807-367-5572,5/30/2020
,Mallorie,Vidovik,Lomasney,vlomasney5t@icio.us,438-638-2128,8/18/2020
,Morry,Roz,Ledster,rledster5u@xinhuanet.com,476-145-7684,11/17/2020
,Corny,Hinda,Monsey,hmonsey5v@printfriendly.com,757-831-7652,7/31/2020
,Linette,Stevena,Bulbeck,sbulbeck5w@infoseek.co.jp,649-468-0709,2/19/2021
,Millicent,Norma,Purrington,npurrington5x@google.cn,674-495-6885,03/11/2021
,Margy,Margit,Domleo,mdomleo5y@sitemeter.com,882-777-7815,10/15/2020
,Randolf,Lorna,Cornehl,lcornehl5z@surveymonkey.com,214-766-0108,1/13/2021
,Georgetta,Humfrid,Studholme,hstudholme60@example.com,732-459-2792,6/21/2020
,Veronika,Floria,Brodest,fbrodest61@google.ca,234-424-1649,11/30/2020
,Floris,Leonid,Le febre,llefebre62@seesaa.net,689-979-8740,10/01/2020
,Nance,Bridget,Gilvary,bgilvary63@amazon.com,623-898-2296,11/27/2020
,Blisse,Zack,Abson,zabson64@sciencedirect.com,255-355-6817,03/03/2021
,Charleen,Mario,Ipplett,mipplett65@sohu.com,291-140-3733,07/05/2020
,Camey,Audy,Speechly,aspeechly66@qq.com,259-859-1765,3/15/2021
,Lin,Rosemary,Compfort,rcompfort67@arizona.edu,236-385-1820,12/14/2020
,Carmon,Wade,Bonsall,wbonsall68@yelp.com,258-706-2799,12/02/2020
,Almeda,Karil,Vellender,kvellender69@webs.com,339-654-4938,06/11/2020
,Rowney,Fidelity,Zipsell,fzipsell6a@tripadvisor.com,593-270-7454,7/21/2020
,Windham,Paulita,Mouget,pmouget6b@diigo.com,732-482-5748,08/12/2020
,Ame,Nowell,Wildgoose,nwildgoose6c@artisteer.com,243-470-4144,8/16/2020
,Aura,Sylas,Gradly,sgradly6d@bbc.co.uk,215-596-6023,9/20/2020
,Terry,Valene,Chumley,vchumley6e@tripod.com,642-252-6367,8/24/2020
,Bradly,Jaimie,Tomaselli,jtomaselli6f@mashable.com,523-196-7981,1/13/2021
,Cookie,Salaidh,Deetch,sdeetch6g@hugedomains.com,177-390-3662,7/26/2020
,Alberto,Cathe,Doxsey,cdoxsey6h@newyorker.com,767-751-4759,4/13/2020
,Jerri,Sarena,Pittle,spittle6i@google.it,322-525-3451,5/18/2020
,Astrix,Gloriane,Drains,gdrains6j@typepad.com,195-882-4776,8/22/2020
,Bethena,Brigid,De Bruyn,bdebruyn6k@apple.com,345-930-5320,3/24/2021
,Alma,Clemmie,Moncaster,cmoncaster6l@msn.com,127-493-3669,06/05/2020
,Harli,Ellery,Alster,ealster6m@nih.gov,590-785-9447,12/17/2020
,Chrysler,Mikol,Sherrin,msherrin6n@jiathis.com,890-736-4740,9/14/2020
,Jarrett,Loria,Feye,lfeye6o@mashable.com,534-751-0233,11/25/2020
,Mollie,Clayborne,Gadault,cgadault6p@dedecms.com,576-180-7953,11/03/2020
,Leshia,Florida,Verheyden,fverheyden6q@odnoklassniki.ru,477-525-4663,04/09/2020
,Tobe,Roana,Dewey,rdewey6r@bloglines.com,631-678-5372,4/23/2020
,Deina,Dante,Tutt,dtutt6s@woothemes.com,438-606-4144,7/23/2020
,Wynnie,Monti,Wheatley,mwheatley6t@hc360.com,400-629-1033,10/03/2020
,Elle,Ethel,Wagon,ewagon6u@economist.com,876-396-2260,01/04/2021
,Jenna,Felipa,Utridge,futridge6v@freewebs.com,864-483-5308,09/10/2020
,Paulo,Humfried,O'Heagertie,hoheagertie6w@bluehost.com,613-218-3668,04/04/2020
,Valenka,Cody,MacCarrick,cmaccarrick6x@quantcast.com,696-822-6988,9/14/2020
,Gaylene,Caresa,Latliff,clatliff6y@freewebs.com,710-266-3845,11/16/2020
,Blayne,Bobette,Gillopp,bgillopp6z@howstuffworks.com,493-178-9466,9/27/2020
,Caria,Becky,Ruddoch,bruddoch70@stumbleupon.com,920-463-4748,03/07/2021
,Hilario,Torr,Slocomb,tslocomb71@zdnet.com,740-668-3823,4/28/2020
,Fonzie,Wolfie,Adamkiewicz,wadamkiewicz72@patch.com,212-401-0565,01/07/2021
,Garry,Astra,Bradborne,abradborne73@hc360.com,269-155-7330,11/10/2020
,Bella,Hermia,Nand,hnand74@hc360.com,325-514-7646,10/07/2020
,Elvina,Reider,Boshier,rboshier75@360.cn,203-848-4924,4/20/2020
,Olvan,Cheslie,Furneaux,cfurneaux76@marketwatch.com,520-676-9033,10/31/2020
,Kaia,Timoteo,Greiser,tgreiser77@deviantart.com,914-905-8484,7/15/2020
,Ronalda,Julissa,Hayth,jhayth78@macromedia.com,873-128-8257,06/09/2020
,Gordie,Jimmie,Lints,jlints79@wiley.com,349-186-2963,12/25/2020
,Alford,Merilee,McCosh,mmccosh7a@samsung.com,666-630-9934,02/08/2021
,Carce,Benny,Bouskill,bbouskill7b@sakura.ne.jp,895-288-8112,09/01/2020
,Herc,Ira,Gossop,igossop7c@goo.ne.jp,614-799-3842,07/09/2020
,Karlotta,Gibb,Schukraft,gschukraft7d@craigslist.org,594-706-7037,8/17/2020
,Allison,Barnard,Leech,bleech7e@cargocollective.com,742-606-5835,03/12/2021
,Arney,Vin,Sillick,vsillick7f@nasa.gov,379-791-0924,3/14/2021
,Ganny,Junina,Brant,jbrant7g@blogger.com,763-632-7348,09/04/2020
,Bertram,Aura,Holhouse,aholhouse7h@ihg.com,282-761-6197,6/30/2020
,Robenia,Hamlen,Ilchuk,hilchuk7i@apache.org,509-666-0364,01/02/2021
,Melisandra,Kathi,Kyd,kkyd7j@google.ru,410-760-2575,11/16/2020
,Harper,Barbabra,Filippov,bfilippov7k@eventbrite.com,399-684-4589,10/30/2020
,Costa,Jonathon,Murphey,jmurphey7l@google.ru,773-437-3886,3/22/2021
,Cash,Alvera,Davidsson,adavidsson7m@prweb.com,929-754-7161,11/08/2020
,Florri,Jaime,Caven,jcaven7n@cbslocal.com,913-261-4770,2/21/2021
,Brigitte,Rosene,Spurdon,rspurdon7o@yellowpages.com,784-396-6073,3/21/2021
,Janek,Katha,Pietrasik,kpietrasik7p@ebay.co.uk,351-130-6507,11/30/2020
,Kristien,Shurlocke,Withrop,swithrop7q@nps.gov,321-852-4023,12/25/2020
,Jody,Yancey,Rowly,yrowly7r@usda.gov,928-955-0948,4/20/2020
,Arther,Kev,Blackster,kblackster7s@livejournal.com,249-855-9555,05/04/2020
,Vaclav,Auguste,Lassetter,alassetter7t@nps.gov,249-571-2078,5/19/2020
,Livvy,Trenton,Liebrecht,tliebrecht7u@mtv.com,170-480-7391,12/07/2020
,Shayne,Nadiya,Lant,nlant7v@webs.com,812-568-4604,7/30/2020
,Edmund,Waldemar,Scollan,wscollan7w@senate.gov,559-510-1183,12/26/2020
,Cristiano,Desi,Drury,ddrury7x@yellowbook.com,904-666-8167,6/21/2020
,Sutton,Byram,Tappington,btappington7y@prweb.com,937-110-1758,10/16/2020
,Sidnee,Brietta,Senecaux,bsenecaux7z@cbslocal.com,739-727-3287,2/21/2021
,Carlotta,Silvio,Criag,scriag80@stumbleupon.com,153-778-3110,08/01/2020
,Stacee,Nannette,Gilby,ngilby81@linkedin.com,418-890-2236,5/22/2020
,Morse,Dacia,Bamlett,dbamlett82@foxnews.com,517-511-7889,11/10/2020
,Roi,Stewart,Osgorby,sosgorby83@google.com,259-724-3067,10/02/2020
,Florenza,Thibaud,Cogswell,tcogswell84@google.co.jp,928-689-8186,12/17/2020
,Allyn,Ulrich,Walcher,uwalcher85@noaa.gov,906-613-6521,05/11/2020
,Elle,Loria,Timpany,ltimpany86@youku.com,507-309-8490,02/07/2021
,Carver,Nathan,Tigner,ntigner87@weebly.com,436-709-6755,08/07/2020
,Balduin,Franzen,Brennan,fbrennan88@tinyurl.com,150-700-3130,02/01/2021
,Gilbert,Darrelle,McCrossan,dmccrossan89@ucla.edu,988-817-4150,10/26/2020
,Lilas,Debee,Francesco,dfrancesco8a@vimeo.com,544-713-5576,06/11/2020
,Carlee,Lonny,McNulty,lmcnulty8b@etsy.com,785-260-6145,1/24/2021
,Marris,Romain,Luffman,rluffman8c@ustream.tv,370-382-1198,12/14/2020
,Karen,Pavia,Hegg,phegg8d@omniture.com,959-650-3729,01/06/2021
,Emmalee,Keane,Gilbertson,kgilbertson8e@godaddy.com,278-976-5056,10/25/2020
,Brittany,Lissy,Tale,ltale8f@delicious.com,288-172-7423,4/28/2020
,Travus,Bonita,Bottelstone,bbottelstone8g@ibm.com,214-279-9714,05/08/2020
,Fernande,Cob,Gianolo,cgianolo8h@php.net,615-800-0616,11/19/2020
,Kerry,Gray,Gabbotts,ggabbotts8i@ted.com,975-625-9499,11/26/2020
,Nap,Griswold,Yancey,gyancey8j@go.com,279-497-4348,06/12/2020
,Vanessa,Rhiamon,Chin,rchin8k@wisc.edu,981-715-9740,12/06/2020
,Cheri,Carmela,Tabb,ctabb8l@usa.gov,346-143-0621,8/17/2020
,Taber,Rafferty,Gilkison,rgilkison8m@cyberchimps.com,842-721-0375,05/02/2020
,Bradney,Hermia,Quye,hquye8n@devhub.com,930-299-0554,11/28/2020
,Sammy,Eduino,Kleinbaum,ekleinbaum8o@discuz.net,382-440-2027,04/05/2020
,Kerri,Markus,Lyenyng,mlyenyng8p@twitpic.com,491-994-8341,5/19/2020
,Chrissie,Lindsey,Pally,lpally8q@mail.ru,141-349-9846,4/28/2020
,Ermengarde,Marwin,Burnsall,mburnsall8r@nature.com,462-441-8052,10/24/2020
,Cynde,Goldarina,Streight,gstreight8s@netlog.com,380-958-3261,10/06/2020
,Emelyne,Ania,MacMillan,amacmillan8t@nasa.gov,844-750-4772,10/11/2020
,Zuzana,Kit,Shurey,kshurey8u@google.pl,845-169-1146,1/23/2021
,Dimitri,Saundra,Neames,sneames8v@uiuc.edu,984-197-7031,01/09/2021
,Humphrey,Shaun,Beddingham,sbeddingham8w@sun.com,735-994-3782,11/23/2020
,Dulcea,Bethanne,Santino,bsantino8x@spiegel.de,980-583-7254,10/12/2020
,Adrienne,Lesley,Gellier,lgellier8y@list-manage.com,375-884-7427,08/10/2020
,Tiffani,Theodore,Osipov,tosipov8z@reuters.com,380-426-4116,8/27/2020
,Fabio,Alberik,Delea,adelea90@answers.com,853-978-3995,11/18/2020
,Debby,Corrie,Chillistone,cchillistone91@acquirethisname.com,299-420-5587,1/24/2021
,Wendy,Michal,Aitken,maitken92@t.co,606-659-2454,11/09/2020
,Addison,Stacy,Klimentov,sklimentov93@etsy.com,599-582-7115,04/04/2020
,Knox,Coleen,Labbati,clabbati94@gnu.org,368-520-6706,10/20/2020
,Heida,Constancia,Medforth,cmedforth95@tiny.cc,127-479-8122,06/12/2020
,Megen,Sharleen,Nettle,snettle96@creativecommons.org,122-817-0935,08/10/2020
,Johnnie,Burke,Gabbatt,bgabbatt97@sourceforge.net,797-249-2127,09/01/2020
,Lucila,Leandra,Heyward,lheyward98@dell.com,606-223-6837,2/21/2021
,Vlad,Nolie,Ayton,nayton99@senate.gov,578-230-2028,5/31/2020
,Conni,Arturo,Stafford,astafford9a@i2i.jp,722-976-3601,10/18/2020
,Borden,Mariette,Waywell,mwaywell9b@businessinsider.com,725-887-0194,04/02/2020
,Clareta,Dosi,Rugieri,drugieri9c@ning.com,780-577-1737,06/01/2020
,Armand,Andrey,Blanchflower,ablanchflower9d@lulu.com,559-204-5881,03/12/2021
,Giffard,Jaimie,Phuprate,jphuprate9e@scientificamerican.com,774-294-0265,5/22/2020
,Kelsey,Hagan,Pembery,hpembery9f@msn.com,193-700-7620,10/02/2020
,Carlin,Colan,Jakubovits,cjakubovits9g@myspace.com,626-552-4294,03/12/2021
,Gena,Hermie,Yakuntzov,hyakuntzov9h@cam.ac.uk,493-440-3634,7/19/2020
,Alan,Josefa,Davydkov,jdavydkov9i@nsw.gov.au,475-227-9818,2/22/2021
,Audrie,Selie,Franzonello,sfranzonello9j@google.ca,673-911-8583,06/05/2020
,Enrichetta,Gerard,Bester,gbester9k@unicef.org,848-523-7439,07/03/2020
,Sibylla,Emory,MacWhan,emacwhan9l@marriott.com,472-373-1401,11/29/2020
,Gerry,Leslie,De Bruijne,ldebruijne9m@behance.net,642-119-3318,1/30/2021
,Abbye,Kirbee,Cartner,kcartner9n@t-online.de,210-191-2252,3/14/2021
,Nevins,Robinia,Milnthorpe,rmilnthorpe9o@squidoo.com,217-839-4758,09/04/2020
,Consolata,Vinnie,Turpin,vturpin9p@sohu.com,193-206-0027,6/29/2020
,Harrietta,Blaire,Crompton,bcrompton9q@go.com,513-624-2681,10/06/2020
,Dania,Erika,Powe,epowe9r@issuu.com,136-109-2684,03/06/2021
,Brandy,Arin,Phidgin,aphidgin9s@salon.com,991-610-5276,7/29/2020
,Dorey,Warner,Keson,wkeson9t@mlb.com,631-990-1298,03/05/2021
,Ara,Kristen,Matley,kmatley9u@yale.edu,200-487-6705,9/18/2020
,Emyle,Debra,Rayson,drayson9v@prlog.org,611-452-4977,10/04/2020
,Jamey,Almeda,Leavens,aleavens9w@cmu.edu,400-101-3783,4/20/2020
,Johnette,Basile,Simonutti,bsimonutti9x@google.cn,944-300-7942,12/05/2020
,Melinda,Olly,Spaughton,ospaughton9y@nydailynews.com,654-817-4931,04/08/2020
,Nial,Lewie,Statton,lstatton9z@lycos.com,602-596-6488,9/24/2020
,Leland,Lenora,Filipputti,lfilipputtia0@privacy.gov.au,642-612-2790,9/14/2020
,Kelley,Derek,Belhome,dbelhomea1@meetup.com,612-285-8961,2/17/2021
,Dorothea,Correy,Ackrill,cackrilla2@bing.com,399-315-0882,2/28/2021
,Cassie,Neda,Yushachkov,nyushachkova3@boston.com,424-529-1437,04/02/2020
,Katalin,Bancroft,McComiskey,bmccomiskeya4@mtv.com,476-419-2788,09/12/2020
,Jarrod,Micaela,Luckes,mluckesa5@sbwire.com,764-557-2692,11/16/2020
,Dore,Marena,Bysaker,mbysakera6@soundcloud.com,319-283-9553,05/01/2020
,Doroteya,Caye,Dukelow,cdukelowa7@whitehouse.gov,385-142-2166,7/24/2020
,Konstantin,Osbourne,Jepp,ojeppa8@prnewswire.com,690-271-8704,9/29/2020
,Cathrine,Meyer,Le Marquis,mlemarquisa9@photobucket.com,444-999-3595,01/06/2021
,Ruperta,Sunny,Heare,sheareaa@cdbaby.com,727-344-6761,8/27/2020
,Kassia,Agneta,Piercey,apierceyab@g.co,582-106-3553,3/13/2021
,Appolonia,Ida,Blase,iblaseac@about.me,620-990-0491,6/20/2020
,Britte,Culley,Merwede,cmerwedead@ucsd.edu,706-635-0800,12/11/2020
,Bryan,Karyl,Zini,kziniae@cbsnews.com,877-258-5055,04/07/2020
,Cullie,Burnaby,Stokoe,bstokoeaf@facebook.com,214-356-9279,12/06/2020
,Marijo,Ozzie,McCory,omccoryag@bravesites.com,525-985-2908,9/18/2020
,Gwennie,Archibald,Llewellyn,allewellynah@alibaba.com,638-240-4057,8/17/2020
,Marni,Elonore,Clarabut,eclarabutai@ed.gov,253-860-0251,10/11/2020
,Rossie,Ferris,Boatwright,fboatwrightaj@devhub.com,613-256-5947,4/15/2020
,Flory,Penelopa,Winson,pwinsonak@homestead.com,133-828-2895,7/13/2020
,Esther,Rosene,Slafford,rslaffordal@mozilla.com,929-134-3316,10/29/2020
,Lionello,Marie-jeanne,Jeanin,mjeaninam@ucla.edu,252-578-9331,5/15/2020
,Gavrielle,Darcy,Hazeldean,dhazeldeanan@google.com.au,472-935-4953,2/26/2021
,Leone,Mariya,Jewitt,mjewittao@umich.edu,244-918-6994,4/21/2020
,Loleta,Salaidh,Klos,sklosap@mapquest.com,577-831-8241,12/02/2020
,Lamont,Darsie,Mulmuray,dmulmurayaq@cargocollective.com,333-888-8418,10/13/2020
,Hertha,Kerrie,Harmar,kharmarar@discovery.com,708-926-4298,04/09/2020
,Chris,Carol-jean,Viscovi,cviscovias@yale.edu,789-999-0113,01/01/2021
,Dario,Kevina,Curbishley,kcurbishleyat@ftc.gov,463-208-4881,12/27/2020
,Harmonie,Vere,Jeeves,vjeevesau@virginia.edu,914-912-9092,5/31/2020
,Karisa,Morgen,Falk,mfalkav@imdb.com,800-152-9244,01/06/2021
,Hirsch,Charmane,Taylder,ctaylderaw@facebook.com,312-520-8902,1/26/2021
,Silvie,Corinna,Wrangle,cwrangleax@uiuc.edu,718-137-1226,8/29/2020
,Jammie,Arney,Limming,alimmingay@spiegel.de,479-281-6020,3/16/2021
,Hamish,Judy,Vallantine,jvallantineaz@t-online.de,936-650-2962,9/17/2020
,Aridatha,Merla,Marsh,mmarshb0@utexas.edu,522-726-8700,6/19/2020
,Freddy,Judye,Blanket,jblanketb1@webnode.com,854-791-5638,12/09/2020
,Melisse,Douglass,Theunissen,dtheunissenb2@china.com.cn,585-120-2235,12/20/2020
,Graeme,Selle,Woodhall,swoodhallb3@cocolog-nifty.com,631-567-1509,07/06/2020
,Woody,Vale,Robrow,vrobrowb4@addtoany.com,700-304-5471,6/24/2020
,Florencia,Noel,Verdie,nverdieb5@ifeng.com,948-562-2405,10/02/2020
,Micheline,Carri,Doy,cdoyb6@bloomberg.com,115-119-5195,06/08/2020
,Raynor,Nikoletta,Edensor,nedensorb7@issuu.com,147-438-2140,12/16/2020
,Bernie,Alonzo,Dummett,adummettb8@alexa.com,266-790-7666,8/14/2020
,Issie,Laurena,Lombard,llombardb9@princeton.edu,775-958-4190,10/06/2020
,Meade,Michaeline,Dwire,mdwireba@japanpost.jp,910-503-0974,09/10/2020
,Aila,Priscella,Spriggen,pspriggenbb@businesswire.com,654-763-5902,9/26/2020
,Garrik,Druci,Alphege,dalphegebc@bing.com,432-241-4376,01/05/2021
,Valentine,Friedrick,Bletcher,fbletcherbd@businesswire.com,960-642-0869,12/25/2020
,Harold,Brigida,Slocket,bslocketbe@g.co,968-118-4796,4/17/2020
,Lowrance,Kiah,Wesley,kwesleybf@networkadvertising.org,511-259-1497,11/14/2020
,Jerrine,Alfredo,Koeppe,akoeppebg@indiegogo.com,752-760-4737,2/24/2021
,Dulcie,Colline,Spenceley,cspenceleybh@sciencedirect.com,292-795-9168,12/03/2020
,Max,Arvie,Kondratenko,akondratenkobi@yolasite.com,623-877-1484,11/12/2020
,Wendall,Maxi,Hemphill,mhemphillbj@vkontakte.ru,569-801-6976,2/13/2021
,Lindsey,Chick,Fazzioli,cfazziolibk@usatoday.com,379-758-1309,1/14/2021
,Pace,Josey,Tours,jtoursbl@si.edu,692-772-8824,11/23/2020
,Ozzy,Robby,Deackes,rdeackesbm@princeton.edu,537-538-8723,11/29/2020
,Marya,El,Bartolommeo,ebartolommeobn@craigslist.org,180-474-4096,6/17/2020
,Laurella,Clarey,Bellin,cbellinbo@si.edu,818-421-1251,6/13/2020
,Madelon,Madelene,Bidgod,mbidgodbp@51.la,698-779-7313,7/28/2020
,Gae,Arman,Bryan,abryanbq@google.com.br,879-855-9244,04/05/2020
,Peggi,Cori,Risbridger,crisbridgerbr@parallels.com,516-540-7216,07/10/2020
,Hannah,Burtie,De Ambrosis,bdeambrosisbs@1688.com,648-614-6466,1/17/2021
,Kim,Zaneta,Jacklings,zjacklingsbt@epa.gov,953-831-2699,8/18/2020
,Lizbeth,Maurice,Granham,mgranhambu@ebay.co.uk,640-472-9474,11/09/2020
,Skippie,Clerissa,Moreland,cmorelandbv@opensource.org,514-340-5625,05/12/2020
,Myrvyn,Blondelle,Gasparro,bgasparrobw@blogspot.com,493-469-3061,11/12/2020
,Natassia,Vidovik,Duigan,vduiganbx@washington.edu,628-984-8977,7/15/2020
,Patrizio,Thorvald,Schneider,tschneiderby@imdb.com,276-646-8747,05/02/2020
,Pinchas,Weber,Dutteridge,wdutteridgebz@illinois.edu,428-123-9447,8/17/2020
,Melisent,Clareta,Dubose,cdubosec0@macromedia.com,962-447-1963,03/06/2021
,Isidore,Devin,Rolf,drolfc1@dailymail.co.uk,941-417-0922,3/30/2020
,Calla,Riccardo,Mosedall,rmosedallc2@arizona.edu,928-255-1285,12/10/2020
,Aldridge,Fey,McNicol,fmcnicolc3@google.com.br,649-944-5027,6/23/2020
,Fonsie,Mary,Radmer,mradmerc4@epa.gov,703-595-8649,9/22/2020
,Helga,Kariotta,Sambals,ksambalsc5@tuttocitta.it,647-494-8811,9/17/2020
,Vilhelmina,Aimee,Signorelli,asignorellic6@mail.ru,509-538-8755,02/02/2021
,Jordanna,Yasmin,Drexel,ydrexelc7@globo.com,379-156-1392,07/05/2020
,Gorden,Walker,Quoit,wquoitc8@walmart.com,407-261-1322,9/26/2020
,Vidovik,Donal,Catherine,dcatherinec9@un.org,528-478-6599,2/27/2021
,Jefferson,Zechariah,Roiz,zroizca@ning.com,951-807-7230,08/04/2020
,Staford,Alejandra,Varns,avarnscb@eepurl.com,820-617-1313,04/05/2020
,Alva,Dominik,Duly,ddulycc@whitehouse.gov,396-282-8193,9/16/2020
,Dominic,Tiffi,Muddiman,tmuddimancd@desdev.cn,932-448-9892,5/26/2020
,Nicola,Felisha,Novacek,fnovacekce@goo.gl,430-581-8376,3/31/2020
,Laetitia,Tiffie,Gration,tgrationcf@nifty.com,881-364-9393,9/24/2020
,Gradeigh,Oby,Merrison,omerrisoncg@weibo.com,565-875-1893,7/24/2020
,Hans,Hilliary,Stonuary,hstonuarych@toplist.cz,207-146-2591,10/03/2020
,Pat,Emile,Del Monte,edelmonteci@admin.ch,421-467-9685,8/26/2020
,Barbara-anne,Aurelia,Fairfoot,afairfootcj@dion.ne.jp,328-510-4946,4/28/2020
,Roberta,Althea,Beedell,abeedellck@china.com.cn,461-560-3644,10/27/2020
,Etienne,Wenona,Crutcher,wcrutchercl@fda.gov,305-806-0318,10/23/2020
,Milt,Laurie,Nowill,lnowillcm@tinypic.com,392-957-6366,5/27/2020
,Zarla,Moira,Vaissiere,mvaissierecn@ask.com,422-860-5252,05/09/2020
,Ado,Min,Iacavone,miacavoneco@facebook.com,206-569-2687,12/15/2020
,Doroteya,Flor,Rushsorth,frushsorthcp@geocities.com,423-592-7487,01/06/2021
,Eunice,Korie,Bilbie,kbilbiecq@marketwatch.com,916-946-2798,5/14/2020
,Silvio,Vincents,MacGillacolm,vmacgillacolmcr@com.com,966-775-3527,01/05/2021
,Dane,Ede,Wensley,ewensleycs@freewebs.com,132-156-9734,06/05/2020
,Pegeen,Harriett,Scottesmoor,hscottesmoorct@opera.com,769-420-3968,10/01/2020
,Riki,Tally,Simunek,tsimunekcu@chronoengine.com,905-367-2656,1/27/2021
,Lauralee,Bess,Cronk,bcronkcv@umn.edu,430-204-7839,10/19/2020
,Jessy,Frederich,Poppleton,fpoppletoncw@shinystat.com,542-165-4484,9/17/2020
,Aylmer,Onfre,Milleton,omilletoncx@wired.com,460-408-4136,08/08/2020
,Hollyanne,Johannah,Berriball,jberriballcy@discuz.net,494-609-7734,1/20/2021
,Rowland,Waylan,Ickeringill,wickeringillcz@mail.ru,798-264-1820,1/24/2021
,Hartwell,Merrill,Rutley,mrutleyd0@umich.edu,639-227-0671,10/17/2020
,Claretta,Nicholas,Tamplin,ntamplind1@about.me,991-349-3929,9/22/2020
,Leola,Danielle,Sabates,dsabatesd2@unesco.org,606-757-9673,09/05/2020
,Hilliard,Justine,Allchin,jallchind3@wikispaces.com,374-460-9680,12/24/2020
,Malissa,Moshe,Phippen,mphippend4@squidoo.com,350-687-7593,8/31/2020
,Lovell,Maryellen,Sempill,msempilld5@cafepress.com,703-780-9316,7/27/2020
,Betteann,Rodd,Coxwell,rcoxwelld6@privacy.gov.au,769-916-5210,1/22/2021
,Vanessa,Jackquelin,Gon,jgond7@arstechnica.com,324-199-9573,07/03/2020
,Bari,Jacklin,Marflitt,jmarflittd8@rakuten.co.jp,512-956-3359,10/14/2020
,Clovis,Mel,Dufaire,mdufaired9@trellian.com,716-611-0395,1/30/2021
,Ariel,Anneliese,Looker,alookerda@wordpress.com,794-650-5879,10/05/2020
,Marysa,Reinhold,Ingerfield,ringerfielddb@boston.com,834-516-4308,8/23/2020
,Albrecht,Irwinn,Hayland,ihaylanddc@sitemeter.com,178-629-4104,9/30/2020
,Kenyon,Davis,Paybody,dpaybodydd@theguardian.com,267-663-6577,1/20/2021
,Merlina,Jodie,Swenson,jswensonde@google.co.uk,260-392-5075,12/13/2020
,Kala,Angel,Gowing,agowingdf@skype.com,443-847-4410,9/29/2020
,Meridel,Florencia,Bearman,fbearmandg@google.com.hk,602-545-5280,4/22/2020
,Jolynn,Lanna,Grunnell,lgrunnelldh@jimdo.com,722-241-7815,7/18/2020
,Nisse,Carey,Driscoll,cdriscolldi@odnoklassniki.ru,786-793-1730,12/06/2020
,Fran,Leonhard,Malyon,lmalyondj@sourceforge.net,528-653-9385,5/23/2020
,Pietro,Renaldo,Cryer,rcryerdk@yahoo.co.jp,407-943-6724,04/04/2020
,Elfrieda,Lukas,Bonner,lbonnerdl@google.ca,506-366-2897,12/03/2020
,Clim,Madelin,Issac,missacdm@independent.co.uk,192-169-5004,02/03/2021
,Danyelle,Enos,Gobbet,egobbetdn@bloglines.com,287-829-3968,06/03/2020
,Vivyanne,Joanna,Gooderick,jgooderickdo@hud.gov,236-975-7643,4/30/2020
,Ronica,Malorie,Iacovelli,miacovellidp@facebook.com,891-785-5402,12/29/2020
,Demetris,Margo,Seear,mseeardq@privacy.gov.au,390-644-7145,7/29/2020
,Julius,Laurent,Guyonneau,lguyonneaudr@redcross.org,578-334-2270,05/05/2020
,Geneva,Hamlen,Hame,hhameds@bbc.co.uk,266-203-5929,9/29/2020
,Jodie,Dela,Harfoot,dharfootdt@prnewswire.com,540-484-6622,11/11/2020
,Merissa,Agathe,Cracker,acrackerdu@facebook.com,707-501-7907,12/01/2020
,Jaynell,Renee,Gard,rgarddv@opera.com,939-642-1474,8/29/2020
,Kara,Doria,Schaffel,dschaffeldw@icq.com,624-282-9258,10/06/2020
,Graham,Charyl,Lindegard,clindegarddx@columbia.edu,190-542-6289,12/10/2020
,Theobald,Gilemette,Powdrell,gpowdrelldy@domainmarket.com,353-354-0938,6/25/2020
,Cristen,Jayson,Falkner,jfalknerdz@cocolog-nifty.com,742-463-6959,10/11/2020
,Nikolos,Culley,Heel,cheele0@usnews.com,798-617-0931,05/11/2020
,Florrie,Andeee,Litherland,alitherlande1@jalbum.net,277-753-2688,12/16/2020
,Martie,Bent,Males,bmalese2@google.it,223-363-1452,6/20/2020
,Maurizio,Erina,Fearick,efearicke3@furl.net,471-896-5866,05/11/2020
,Pamella,Lilly,Niesing,lniesinge4@jiathis.com,435-302-4689,02/09/2021
,Dolf,Storm,Squier,ssquiere5@eventbrite.com,934-623-4515,10/29/2020
,Corny,Bertram,Grenter,bgrentere6@ezinearticles.com,283-990-0405,02/08/2021
,Krystyna,Danya,Catling,dcatlinge7@exblog.jp,279-561-8848,3/19/2021
,Abby,Gardie,Cogar,gcogare8@earthlink.net,127-614-8014,11/06/2020
,Tann,Raeann,Ros,rrose9@cbsnews.com,371-952-2083,1/27/2021
,Myron,Dave,Roycroft,droycroftea@exblog.jp,432-879-0508,10/14/2020
,Wylma,Saxon,Giddy,sgiddyeb@geocities.jp,826-687-1968,5/14/2020
,Willie,Gualterio,Copnall,gcopnallec@technorati.com,198-483-9964,10/26/2020
,Gerry,Allie,Flahive,aflahiveed@tumblr.com,820-268-4978,9/24/2020
,Marget,Vail,Lavalle,vlavalleee@google.com.hk,870-107-6192,3/18/2021
,Cleavland,Ellen,Skyner,eskyneref@livejournal.com,828-433-5546,3/31/2020
,Dalenna,Zandra,Attrie,zattrieeg@bbc.co.uk,811-723-8667,6/25/2020
,Camel,Margery,Houndsom,mhoundsomeh@barnesandnoble.com,965-261-5168,5/16/2020
,Monique,Carlo,Dulinty,cdulintyei@cpanel.net,466-308-1846,11/02/2020
,Andrea,Jacinda,Lightbourne,jlightbourneej@about.com,618-731-6930,07/04/2020
,Tiffie,Wallis,Andrieux,wandrieuxek@senate.gov,609-780-7302,9/20/2020
,Denni,Brietta,Dallyn,bdallynel@homestead.com,880-456-8017,3/28/2020
,Maryjane,Arline,Oneile,aoneileem@youtu.be,156-605-8293,9/19/2020
,Dolf,Sonnie,Belamy,sbelamyen@virginia.edu,761-453-1099,1/17/2021
,Marco,Abbi,Litchmore,alitchmoreeo@usnews.com,586-275-8308,06/03/2020
,Francesca,Malissa,Fassam,mfassamep@parallels.com,964-544-5872,03/04/2021
,Georgia,Meagan,Bellany,mbellanyeq@cisco.com,726-623-8963,03/01/2021
,Evvy,Felicity,Lamperti,flampertier@sina.com.cn,367-282-7566,5/29/2020
,Merridie,Koenraad,Snartt,ksnarttes@amazonaws.com,302-356-5578,05/11/2020
,Florri,Korney,Sanches,ksancheset@oakley.com,617-907-8442,8/24/2020
,Kelcy,Bernice,Wythill,bwythilleu@bizjournals.com,532-389-2080,6/18/2020
,Danyette,Basilio,Calverley,bcalverleyev@boston.com,628-323-4508,10/02/2020
,Lamond,Alida,Van Der Vlies,avandervliesew@ucsd.edu,413-333-1759,10/04/2020
,Philip,Sindee,Beames,sbeamesex@creativecommons.org,413-346-2076,11/15/2020
,Felicio,Loy,Campana,lcampanaey@paypal.com,485-434-8754,8/27/2020
,Shay,Garwood,Lilliman,glillimanez@ucoz.ru,588-405-5768,09/12/2020
,Vanda,Adamo,Tollow,atollowf0@posterous.com,991-509-3803,10/28/2020
,Griffie,Isadore,Ancliff,ianclifff1@paginegialle.it,239-718-8483,11/23/2020
,Hatty,Micheil,Woodroof,mwoodrooff2@unc.edu,895-103-6765,11/02/2020
,Tobe,Padgett,Bartlomiej,pbartlomiejf3@gmpg.org,747-261-8037,1/30/2021
,Drucill,Alexandrina,Wrennall,awrennallf4@ftc.gov,207-438-5893,7/25/2020
,Cybil,Clo,Bissex,cbissexf5@ameblo.jp,212-609-4337,1/24/2021
,Whitaker,Ulrica,Caplis,ucaplisf6@diigo.com,294-102-9641,07/05/2020
,Beth,Ianthe,Cradoc,icradocf7@google.com,885-867-2739,12/01/2020
,Theo,Merell,Wernham,mwernhamf8@forbes.com,503-989-0346,4/22/2020
,Carol-jean,Paige,Tuffey,ptuffeyf9@bluehost.com,161-233-5936,10/29/2020
,Allina,Edgardo,Vina,evinafa@ebay.com,460-555-4241,06/08/2020
,Clareta,Modestine,Philot,mphilotfb@vk.com,347-969-8773,01/12/2021
,Basilio,Kris,Veighey,kveigheyfc@unicef.org,913-341-6830,3/21/2021
,Darci,Jourdan,Krollmann,jkrollmannfd@ehow.com,657-146-7798,3/13/2021
,Candra,Daffie,Barabisch,dbarabischfe@acquirethisname.com,283-303-9224,07/01/2020
,Kenon,Drusy,Jodlowski,djodlowskiff@histats.com,919-804-5258,1/13/2021
,Lebbie,Janene,Beagrie,jbeagriefg@quantcast.com,324-103-5639,1/31/2021
,Allyson,Melamie,Fotheringham,mfotheringhamfh@vistaprint.com,733-936-3813,11/29/2020
,Rayshell,Jill,Dines,jdinesfi@uol.com.br,205-284-0507,10/01/2020
,Desiri,Warren,Skirving,wskirvingfj@trellian.com,813-842-0472,12/23/2020
,Lexi,Bernita,Khalid,bkhalidfk@slideshare.net,266-210-3780,03/03/2021
,Juditha,Catlin,Bygraves,cbygravesfl@ebay.com,890-257-3776,11/01/2020
,Darci,Uri,Cuell,ucuellfm@earthlink.net,547-482-1729,2/22/2021
,Parker,Junette,Moorton,jmoortonfn@pagesperso-orange.fr,342-538-7910,10/17/2020
,Lammond,Rebeka,Muldowney,rmuldowneyfo@woothemes.com,581-536-6032,03/03/2021
,Ferne,Dav,Rayner,draynerfp@loc.gov,418-627-8295,09/01/2020
,Teddi,Raff,Beeho,rbeehofq@yahoo.co.jp,429-259-3806,10/11/2020
,Karylin,Ros,Shayes,rshayesfr@hostgator.com,647-903-4794,7/18/2020
,Linnet,Niel,Lantaff,nlantafffs@yellowpages.com,314-460-1838,4/25/2020
,Hayden,Myrilla,Newitt,mnewittft@php.net,119-144-7883,02/06/2021
,Sella,Fiorenze,Franklin,ffranklinfu@drupal.org,703-728-9544,5/16/2020
,Shayne,Buddie,Haldin,bhaldinfv@example.com,766-373-5244,01/12/2021
,Karisa,Basile,Tubb,btubbfw@mapquest.com,309-856-4421,08/06/2020
,Rubie,Etty,Bruneton,ebrunetonfx@apple.com,608-523-8539,4/24/2020
,Mora,Zsazsa,Alford,zalfordfy@walmart.com,114-870-2777,6/16/2020
,Chaddie,Frankie,Morsley,fmorsleyfz@cnbc.com,678-456-4140,3/28/2020
,Kristan,Inger,Rainsden,irainsdeng0@cdc.gov,737-189-0780,01/04/2021
,Carly,Jillana,Lorain,jloraing1@bravesites.com,816-763-4704,12/28/2020
,Vin,Germana,Forsbey,gforsbeyg2@loc.gov,338-793-8529,10/19/2020
,Maurise,Mycah,Serridge,mserridgeg3@ihg.com,837-343-9555,6/28/2020
,Danna,Glennie,Ewins,gewinsg4@bbb.org,269-971-8333,12/25/2020
,Josephina,Sherwood,Ethersey,setherseyg5@statcounter.com,478-365-4679,7/25/2020
,Agna,Etheline,Kirkwood,ekirkwoodg6@wikipedia.org,687-680-9856,11/07/2020
,Carolynn,Teodor,Eldershaw,teldershawg7@rambler.ru,237-430-6130,1/20/2021
,Krissie,Nate,Mallen,nmalleng8@woothemes.com,922-815-7632,03/07/2021
,Dara,Pascal,Pointer,ppointerg9@hc360.com,928-483-4438,06/04/2020
,Elita,Wally,Ringham,wringhamga@admin.ch,137-577-0026,12/23/2020
,Fionnula,Stacee,Giblin,sgiblingb@angelfire.com,975-296-8973,4/14/2020
,Ban,Kristos,Phelan,kphelangc@unicef.org,591-513-9228,4/23/2020
,Dina,Letty,Bierman,lbiermangd@weibo.com,614-947-8055,01/04/2021
,Austina,Collen,Angel,cangelge@is.gd,395-260-4604,05/01/2020
,Fabe,Heddie,Partlett,hpartlettgf@is.gd,740-530-2812,8/16/2020
,Angel,Herby,Longrigg,hlongrigggg@webmd.com,470-702-7037,11/09/2020
,Hynda,Levi,Erswell,lerswellgh@t.co,959-833-4952,7/15/2020
,Fitz,Delmar,Soda,dsodagi@hud.gov,179-123-0906,6/24/2020
,Dori,Lammond,Kyles,lkylesgj@twitpic.com,209-139-5114,8/18/2020
,Rebeka,Taddeusz,Haslum,thaslumgk@nature.com,696-541-3593,7/23/2020
,Chadwick,Gabey,Speares,gspearesgl@jugem.jp,113-693-9382,8/22/2020
,Camilla,Wyndham,Trumper,wtrumpergm@hugedomains.com,316-223-6506,01/05/2021
,Dag,Moina,Mahon,mmahongn@wired.com,929-199-2005,11/09/2020
,Darcy,Leonidas,Ivushkin,livushkingo@disqus.com,861-832-9061,08/01/2020
,Jena,Travis,Rawlingson,trawlingsongp@vinaora.com,918-298-4682,1/14/2021
,Cassey,Nanon,Wycliff,nwycliffgq@last.fm,580-416-1269,8/21/2020
,Jayme,Jesselyn,Baison,jbaisongr@moonfruit.com,959-967-9723,7/25/2020
,Bernhard,Tillie,Selcraig,tselcraiggs@google.it,521-159-7493,2/22/2021
,Thaddeus,Johan,Medcraft,jmedcraftgt@ihg.com,720-878-3568,7/18/2020
,Gwen,Gayel,Balasin,gbalasingu@phpbb.com,849-870-4650,10/02/2020
,Creighton,Susan,Coady,scoadygv@princeton.edu,781-797-0173,10/03/2020
,Freddie,Eddi,Haggleton,ehaggletongw@oakley.com,253-882-6260,10/14/2020
,Herby,Corine,Hofler,choflergx@github.com,592-245-3629,12/06/2020
,Rosie,Laureen,Castaner,lcastanergy@howstuffworks.com,128-408-9237,11/18/2020
,Noam,Eyde,Conniam,econniamgz@nba.com,118-428-8370,08/02/2020
,Denys,Laurel,Skitterel,lskitterelh0@odnoklassniki.ru,131-182-7772,9/17/2020
,Harmonia,Anestassia,Sellack,asellackh1@webs.com,257-904-9316,06/12/2020
,Tammie,Corine,Josephoff,cjosephoffh2@disqus.com,676-291-7798,03/03/2021
,Diarmid,Vail,Aguirrezabala,vaguirrezabalah3@feedburner.com,565-103-1816,01/06/2021
,Bartholemy,Patricia,Quarmby,pquarmbyh4@nps.gov,744-804-1111,2/19/2021
,Sheba,Marice,Vesty,mvestyh5@google.co.uk,867-357-5561,6/13/2020
,Alia,Emanuel,Grellis,egrellish6@theatlantic.com,139-129-2161,07/12/2020
,Kennett,Nanette,Weeden,nweedenh7@cyberchimps.com,796-545-0184,06/01/2020
,Jennette,Edik,Impey,eimpeyh8@springer.com,484-232-3092,1/30/2021
,Cooper,Dyane,Hunnisett,dhunnisetth9@yellowpages.com,964-784-2040,09/05/2020
,Linn,Bevon,Durno,bdurnoha@wp.com,732-293-4883,9/21/2020
,Shayla,Lettie,Betty,lbettyhb@wikipedia.org,310-510-4772,08/11/2020
,Kimberlyn,Angelique,Wickliffe,awickliffehc@storify.com,344-481-8623,10/24/2020
,Orren,Aylmer,Urwin,aurwinhd@webs.com,983-760-2783,5/21/2020
,Donovan,Arlena,Athridge,aathridgehe@illinois.edu,369-791-8892,01/11/2021
,Cherrita,Jennee,Coggen,jcoggenhf@nature.com,879-426-7259,8/23/2020
,Zondra,Shaine,Chaloner,schalonerhg@va.gov,968-804-4228,1/18/2021
,Perry,Nerissa,Gunningham,ngunninghamhh@amazon.co.jp,759-549-5363,4/13/2020
,Fianna,Tobey,Vaughan-Hughes,tvaughanhugheshi@spiegel.de,541-266-5817,07/10/2020
,Caleb,Bernardine,Pleavin,bpleavinhj@so-net.ne.jp,503-149-7872,5/21/2020
,Tessie,Nickolaus,Wetter,nwetterhk@house.gov,169-242-4087,05/04/2020
,Bee,Nevil,Gorce,ngorcehl@gizmodo.com,287-602-6751,8/22/2020
,Kellen,Duke,Pellew,dpellewhm@bloomberg.com,678-741-7791,2/24/2021
,Giorgi,Guenevere,Taplin,gtaplinhn@sohu.com,701-403-6340,10/24/2020
,Leelah,Robin,Huddlestone,rhuddlestoneho@gmpg.org,372-354-9242,12/03/2020
,Milton,Meghann,Sedcole,msedcolehp@slashdot.org,202-503-7700,10/16/2020
,Glynis,Kaiser,Klais,kklaishq@hhs.gov,884-869-5364,11/24/2020
,Mauricio,Hakim,Keefe,hkeefehr@sohu.com,645-134-2782,01/04/2021
,Betta,Didi,Sevior,dseviorhs@dell.com,225-690-0631,9/18/2020
,Haven,Irwinn,Brosius,ibrosiusht@yellowpages.com,330-280-2299,02/12/2021
,Kendall,Ford,Utting,futtinghu@ft.com,861-950-9273,05/07/2020
,Lucille,Tammie,Domke,tdomkehv@wired.com,695-154-9678,08/11/2020
,Yurik,Eddi,Skottle,eskottlehw@usnews.com,688-153-6666,6/21/2020
,Averyl,Sheilah,Dodshun,sdodshunhx@ed.gov,828-499-4789,10/29/2020
,Nance,Gaylord,De Giorgio,gdegiorgiohy@mayoclinic.com,360-464-2489,12/26/2020
,Gilli,Jordana,Edmed,jedmedhz@free.fr,625-334-2682,10/17/2020
,Tony,Julina,Maryott,jmaryotti0@telegraph.co.uk,956-560-8232,2/17/2021
,Rina,Lelah,MacKain,lmackaini1@nytimes.com,505-789-9545,11/19/2020
,Arlie,Uri,Cuppleditch,ucuppleditchi2@whitehouse.gov,837-640-4793,08/06/2020
,Townsend,Papageno,Aulton,paultoni3@si.edu,612-582-7653,06/11/2020
,Petey,Marybeth,Criple,mcriplei4@ifeng.com,111-782-4839,02/12/2021
,Dexter,Roma,Breede,rbreedei5@qq.com,769-224-5485,12/25/2020
,Shela,Adrien,Sellors,asellorsi6@xing.com,413-833-3654,03/11/2021
,Leese,Werner,Dowtry,wdowtryi7@ucsd.edu,813-774-2223,11/19/2020
,Electra,Osborn,Gallimore,ogallimorei8@webnode.com,893-323-9051,12/01/2020
,Lesly,Florenza,Infante,finfantei9@stanford.edu,343-951-7565,09/07/2020
,Constantine,Lenora,Phipp,lphippia@w3.org,648-686-1764,06/06/2020
,Martynne,Elvis,Peddar,epeddarib@ifeng.com,323-488-7249,10/03/2020
,Gregory,Timmy,Fleischmann,tfleischmannic@mozilla.org,983-944-3927,03/02/2021
,Shem,Nero,Grishagin,ngrishaginid@ftc.gov,875-884-8393,5/24/2020
,Tasha,Torrie,Sommerland,tsommerlandie@about.me,576-899-2698,05/08/2020
,Junie,Davis,Vannar,dvannarif@seattletimes.com,811-876-8488,3/23/2021
,Tremain,Giffer,Sorel,gsorelig@intel.com,960-319-1225,08/04/2020
,Vern,Mariejeanne,Arundel,marundelih@usa.gov,843-216-6005,12/16/2020
,Vin,Norean,Bristow,nbristowii@yolasite.com,756-726-5231,6/24/2020
,Lyell,Valerye,Teodorski,vteodorskiij@weibo.com,407-798-5652,10/26/2020
,Amalita,Egbert,McGrouther,emcgroutherik@archive.org,809-112-5476,06/02/2020
,Linea,Lonnie,Peeter,lpeeteril@51.la,250-862-3128,7/17/2020
,Ema,Amye,Tokley,atokleyim@about.me,277-362-2265,11/14/2020
,Arielle,Neils,Buyers,nbuyersin@w3.org,556-640-5006,09/02/2020
,Sib,Beverie,Szymonowicz,bszymonowiczio@epa.gov,907-285-1702,10/28/2020
,Rockey,Cherilynn,Bridden,cbriddenip@taobao.com,133-645-4546,6/15/2020
,Stesha,Serene,Rowbottam,srowbottamiq@cpanel.net,207-646-0340,10/22/2020
,Carmine,Dino,Joire,djoireir@shop-pro.jp,113-150-8500,08/06/2020
,Guillema,Ashlie,Maingot,amaingotis@sohu.com,222-580-5050,9/24/2020
,Glen,Ruben,Brunke,rbrunkeit@gizmodo.com,519-206-0452,8/30/2020
,Agretha,Renard,Besset,rbessetiu@list-manage.com,146-988-4606,4/21/2020
,Desiree,Dita,Siburn,dsiburniv@123-reg.co.uk,409-513-8323,01/01/2021
,Westleigh,Jeniffer,Kleen,jkleeniw@tinyurl.com,222-658-8364,5/18/2020
,Colan,Lionello,Van Der Vlies,lvandervliesix@nasa.gov,948-225-5688,07/05/2020
,Grove,Addie,Spillman,aspillmaniy@i2i.jp,816-119-3705,06/08/2020
,Freemon,Anita,Cruise,acruiseiz@noaa.gov,720-537-3880,6/19/2020
,Derward,Darnell,Sparshott,dsparshottj0@de.vu,666-307-6442,6/18/2020
,Germayne,Andria,Tale,atalej1@icq.com,901-193-9039,2/14/2021
,Elias,Jolyn,Skipperbottom,jskipperbottomj2@macromedia.com,658-247-1006,03/03/2021
,Merissa,Curr,O'Devey,codeveyj3@cdc.gov,441-669-5906,12/25/2020
,Rasla,Sacha,Kiehnlt,skiehnltj4@ucsd.edu,348-574-3457,10/31/2020
,Elisabet,Winfield,Stonham,wstonhamj5@ebay.co.uk,274-343-5846,11/23/2020
,Clement,Joy,Taffurelli,jtaffurellij6@go.com,762-625-9005,12/17/2020
,Louie,Nick,Shafto,nshaftoj7@deliciousdays.com,893-200-5888,08/08/2020
,Giralda,Amil,Hylands,ahylandsj8@nationalgeographic.com,348-534-4386,4/24/2020
,Anthony,Rhiamon,Idle,ridlej9@fc2.com,305-221-4280,07/10/2020
,Barrie,Bertie,Meadway,bmeadwayja@prlog.org,942-895-2424,5/25/2020
,Orton,Dilan,McGettrick,dmcgettrickjb@hibu.com,863-498-9391,07/03/2020
,Benn,Eachelle,Cowderay,ecowderayjc@nyu.edu,125-578-6042,4/18/2020
,Danit,Ewan,Side,esidejd@over-blog.com,641-321-9089,01/07/2021
,Marrilee,Tallou,Eleshenar,teleshenarje@vk.com,316-726-5201,1/17/2021
,Jenica,Danna,Dailly,ddaillyjf@1688.com,474-854-0191,07/05/2020
,Marjie,Shea,Muriel,smurieljg@facebook.com,671-608-5749,01/04/2021
,Anna-diane,Emmery,Defries,edefriesjh@youtu.be,437-968-5500,8/18/2020
,Seline,Hilary,Warrender,hwarrenderji@vistaprint.com,766-833-0710,10/02/2020
,Gideon,Marys,Casetti,mcasettijj@twitter.com,892-620-7069,9/20/2020
,Anitra,Steven,Rounds,sroundsjk@artisteer.com,293-126-1320,7/18/2020
,Mitchell,Deloria,Izod,dizodjl@parallels.com,736-964-6852,01/03/2021
,Ophelie,Bellina,Bastick,bbastickjm@bluehost.com,720-299-3409,02/05/2021
,Gweneth,Enos,Birtwistle,ebirtwistlejn@about.com,467-810-6012,9/13/2020
,Paola,Bob,Bockings,bbockingsjo@accuweather.com,713-395-4665,10/26/2020
,Egon,Hanan,Ivanikov,hivanikovjp@cocolog-nifty.com,125-873-2601,3/26/2021
,Lauraine,Johnny,Bault,jbaultjq@google.ca,440-245-6180,3/30/2020
,Meryl,Fitzgerald,Gothliff,fgothliffjr@blogs.com,722-626-3456,7/23/2020
,Kiri,Barth,Gunda,bgundajs@paginegialle.it,861-941-1784,07/03/2020
,Sallyann,Lilias,Krolman,lkrolmanjt@mtv.com,108-131-5282,12/11/2020
,Merell,Hartley,Castagnaro,hcastagnaroju@prlog.org,981-140-1681,6/20/2020
,Ruttger,Maury,Lind,mlindjv@exblog.jp,511-520-1118,12/02/2020
,Mikkel,Christalle,Stewart,cstewartjw@mozilla.com,271-673-2428,11/08/2020
,Ring,Garrek,Morrad,gmorradjx@moonfruit.com,272-107-2657,6/20/2020
,Haleigh,Candida,Bracco,cbraccojy@google.com.au,322-583-3125,11/25/2020
,Ailbert,Remington,Fipp,rfippjz@timesonline.co.uk,507-350-9159,1/31/2021
,Trenna,Jephthah,Berthomieu,jberthomieuk0@pagesperso-orange.fr,389-504-4613,07/08/2020
,Anestassia,Melvyn,Lyptrit,mlyptritk1@google.pl,846-903-4876,03/10/2021
,Brockie,Nara,Nower,nnowerk2@geocities.com,831-926-4242,1/17/2021
,Dorie,Della,Kentish,dkentishk3@constantcontact.com,412-961-8803,9/15/2020
,Inna,Zsa zsa,McAleese,zmcaleesek4@example.com,326-597-2738,01/02/2021
,Webb,Celle,Gorusso,cgorussok5@digg.com,195-716-2653,4/26/2020
,Kacy,Stanley,Cawthorne,scawthornek6@techcrunch.com,385-485-8213,7/13/2020
,Ursola,Laney,Draper,ldraperk7@google.de,944-215-6142,2/25/2021
,Shaine,Teena,Barukh,tbarukhk8@163.com,241-468-6169,1/31/2021
,Jill,Steven,Husher,shusherk9@mozilla.com,933-695-0433,4/24/2020
,Gerrie,Gisella,Hovey,ghoveyka@lycos.com,513-829-0752,3/18/2021
,Halsy,Mattie,Livett,mlivettkb@delicious.com,679-645-7394,08/08/2020
,Michael,Dorie,O'Rudden,doruddenkc@sogou.com,533-221-1827,12/18/2020
,Cindee,Siana,Bowshire,sbowshirekd@diigo.com,298-923-6647,3/16/2021
,Roselia,Randi,Roach,rroachke@flavors.me,764-293-3287,08/03/2020
,Mei,Ignazio,Sivewright,isivewrightkf@hatena.ne.jp,216-471-7662,10/31/2020
,Gussy,Ethelda,Widdop,ewiddopkg@elegantthemes.com,763-802-7484,09/03/2020
,Fee,Wilma,Dodsley,wdodsleykh@webs.com,123-802-4539,5/29/2020
,Edyth,Thurstan,Blazi,tblaziki@mozilla.org,900-259-3153,06/06/2020
,Silvain,Francyne,Tellenbach,ftellenbachkj@bbb.org,974-846-4376,10/05/2020
,Lorette,Shayla,Lantiff,slantiffkk@ucsd.edu,812-119-5050,6/19/2020
,Bella,Lani,Biddlecombe,lbiddlecombekl@usgs.gov,687-551-6377,02/09/2021
,Fan,Cecilla,Yuranovev,cyuranovevkm@moonfruit.com,762-208-1898,9/18/2020
,Diana,Trueman,Janouch,tjanouchkn@shinystat.com,452-269-5947,10/12/2020
,Carver,Ashby,Brenton,abrentonko@umich.edu,908-569-6418,10/29/2020
,Flynn,Jareb,Boar,jboarkp@networksolutions.com,729-254-4797,4/14/2020
,Kin,Noby,Mower,nmowerkq@lulu.com,325-452-3496,09/11/2020
,Gertrude,Vincent,Boniface,vbonifacekr@wiley.com,579-129-8648,10/29/2020
,Rudolph,Adolphe,Schutt,aschuttks@dot.gov,136-163-2416,7/19/2020
,Daveta,Hermia,Broadbear,hbroadbearkt@tumblr.com,720-742-9569,10/10/2020
,Kendricks,Teri,Gierardi,tgierardiku@samsung.com,259-521-1596,12/13/2020
,Tabbatha,Jephthah,Hartmann,jhartmannkv@guardian.co.uk,312-451-8383,11/18/2020
,Murial,Fulton,Kennealy,fkennealykw@alibaba.com,346-135-3294,12/18/2020
,Noby,Thedric,Lowing,tlowingkx@ebay.co.uk,302-154-0481,6/16/2020
,Kelbee,Cristine,Chasmar,cchasmarky@icio.us,865-446-0854,6/19/2020
,Glennis,Gladi,Cayford,gcayfordkz@discovery.com,234-326-4107,10/20/2020
,Faith,Elisabetta,Atger,eatgerl0@comcast.net,753-371-5308,7/19/2020
,Steffi,Torrance,Chatainier,tchatainierl1@sohu.com,335-518-6169,06/01/2020
,Dianemarie,Kennan,Rapper,krapperl2@dagondesign.com,952-172-1230,09/01/2020
,Nico,Rosemaria,Faier,rfaierl3@psu.edu,825-879-3781,5/20/2020
,Obed,Raviv,Ocheltree,rocheltreel4@answers.com,272-237-0677,4/22/2020
,Carol,Briant,Menel,bmenell5@senate.gov,763-749-8447,8/22/2020
,Karlotta,Lorne,Winder,lwinderl6@privacy.gov.au,692-577-7224,3/31/2020
,Vanna,Marvin,Peel,mpeell7@cam.ac.uk,541-106-1352,01/05/2021
,Dorine,Danella,Goublier,dgoublierl8@jugem.jp,201-594-9790,12/27/2020
,Mattie,Wendye,Woollam,wwoollaml9@barnesandnoble.com,845-106-8792,4/22/2020
,Kat,Micki,Stump,mstumpla@cdbaby.com,363-592-1940,10/18/2020
,Hephzibah,Ben,Mc Comb,bmccomblb@soup.io,748-337-8487,10/13/2020
,Kincaid,Tori,Brotherheed,tbrotherheedlc@hugedomains.com,221-384-6979,8/23/2020
,Dale,Patrice,Merring,pmerringld@mozilla.org,816-453-8905,04/04/2020
,Evanne,Brooks,Sibbering,bsibberingle@theatlantic.com,989-260-7235,07/01/2020
,Carolus,Thain,Veal,tveallf@histats.com,389-755-7788,08/10/2020
,Adey,Dolly,Udell,dudelllg@furl.net,631-606-6286,7/16/2020
,Gertrud,Lucila,Mandre,lmandrelh@plala.or.jp,813-390-2294,6/26/2020
,Annetta,Rickard,Adamsky,radamskyli@google.ca,312-893-8292,06/03/2020
,Giorgia,Adelaida,Bront,abrontlj@toplist.cz,796-185-9425,07/05/2020
,Etan,Janaye,Brighouse,jbrighouselk@uol.com.br,755-529-3437,11/16/2020
,Keslie,Bethena,Willowby,bwillowbyll@wisc.edu,482-348-7135,12/29/2020
,Marlyn,Buffy,Kedwell,bkedwelllm@symantec.com,420-946-1749,02/04/2021
,Kahlil,Lilly,Mowles,lmowlesln@yelp.com,349-456-3161,04/10/2020
,Marcelle,Eli,Cabrara,ecabraralo@paginegialle.it,943-422-5149,04/09/2020
,Sebastien,Vale,Berth,vberthlp@tripod.com,621-344-8572,02/05/2021
,Leonhard,Eimile,Budibent,ebudibentlq@ebay.co.uk,711-970-7042,3/24/2021
,Coraline,Barry,Renac,brenaclr@pinterest.com,346-215-1865,5/13/2020
,Margarete,Jonell,Neate,jneatels@wordpress.org,959-766-2064,12/07/2020
,Raye,Wendel,Stroban,wstrobanlt@sitemeter.com,654-127-3541,01/02/2021
,Courtnay,Cybill,Guntrip,cguntriplu@pcworld.com,336-562-8659,11/26/2020
,Byrom,Jere,Penreth,jpenrethlv@hp.com,276-396-9967,1/26/2021
,Garnette,Gabriello,Nana,gnanalw@indiatimes.com,294-774-4138,11/20/2020
,Sherwin,Drew,Dewhirst,ddewhirstlx@tinyurl.com,334-915-8123,05/05/2020
,Pauletta,Dorri,Pavie,dpaviely@amazon.co.jp,292-934-3580,3/17/2021
,Lemar,Hollie,Broune,hbrounelz@ucoz.ru,358-655-0583,1/19/2021
,Anatole,Auria,Coats,acoatsm0@marketwatch.com,145-498-2726,07/05/2020
,Nick,Shea,Cruickshank,scruickshankm1@so-net.ne.jp,819-293-1224,6/20/2020
,Friederike,Cherish,Padwick,cpadwickm2@storify.com,381-987-3427,7/30/2020
,Alwin,Vanda,Lemonby,vlemonbym3@wordpress.com,199-259-1345,4/25/2020
,Lynette,Dyanna,Verne,dvernem4@fda.gov,499-406-9041,10/09/2020
,Artur,Elvina,Humphries,ehumphriesm5@disqus.com,465-479-8972,1/31/2021
,Arlana,Anabal,Eisikovitsh,aeisikovitshm6@jigsy.com,956-235-5370,12/06/2020
,Raine,Martina,Daw,mdawm7@soup.io,574-270-7451,08/06/2020
,Camilla,Anatollo,Gamlyn,agamlynm8@addthis.com,761-329-3785,10/20/2020
,Alie,Corrine,Dikelin,cdikelinm9@si.edu,577-497-1701,3/15/2021
,Valdemar,Lin,Audenis,laudenisma@angelfire.com,986-332-8238,12/05/2020
,Steffie,Sigismundo,Sember,ssembermb@toplist.cz,598-760-8783,8/30/2020
,Martie,Carina,Lyosik,clyosikmc@paypal.com,827-530-2371,8/29/2020
,Iona,Blaire,Ferre,bferremd@mlb.com,345-620-4317,05/06/2020
,Ilka,Aguste,Sarton,asartonme@patch.com,571-907-2200,2/28/2021
,Sadye,Joellyn,Bonnett,jbonnettmf@chronoengine.com,823-926-5463,09/01/2020
,Cassi,Yvon,Snowdon,ysnowdonmg@creativecommons.org,187-391-6553,3/28/2020
,Koren,Jody,Tinker,jtinkermh@upenn.edu,237-633-0159,3/28/2020
,Fran,Lucias,Snelle,lsnellemi@bravesites.com,651-955-2111,12/26/2020
,Darin,Victoir,Willerton,vwillertonmj@scientificamerican.com,573-691-9624,07/04/2020
,Silvester,Simon,Guilbert,sguilbertmk@eepurl.com,813-665-5456,12/02/2020
,Teirtza,Ancell,McCaughran,amccaughranml@washingtonpost.com,754-836-4323,02/03/2021
,Adrian,Ernestus,Posselt,eposseltmm@amazon.co.jp,352-913-7914,2/24/2021
,Drew,Katti,Overstone,koverstonemn@friendfeed.com,678-281-4484,6/22/2020
,Daveen,Sherill,Joules,sjoulesmo@google.fr,689-110-1448,1/26/2021
,Randi,Zebulen,Bubbear,zbubbearmp@umich.edu,499-585-1735,03/01/2021
,Lucina,Rayner,Inker,rinkermq@chron.com,567-701-3757,6/26/2020
,Aveline,Sophie,Dreinan,sdreinanmr@last.fm,820-621-4987,8/24/2020
,Loralyn,Fran,McGaughay,fmcgaughayms@bbb.org,812-686-6682,12/04/2020
,Giraldo,Jade,Hyder,jhydermt@about.me,539-729-4338,5/17/2020
,Georgi,Iorgo,Heaford,iheafordmu@privacy.gov.au,960-377-6225,06/04/2020
,Cinnamon,Cleve,Macari,cmacarimv@walmart.com,859-418-1107,06/03/2020
,Burlie,Chicky,Garken,cgarkenmw@sohu.com,887-502-6805,12/10/2020
,Kenny,Kissee,Andrzej,kandrzejmx@irs.gov,147-339-4636,10/24/2020
,Janith,Dorolisa,McCosh,dmccoshmy@goodreads.com,644-562-7703,02/10/2021
,Jeremy,Danyette,Joska,djoskamz@fotki.com,187-274-7855,5/20/2020
,Zaccaria,Brandy,Martinon,bmartinonn0@slashdot.org,815-885-0595,4/30/2020
,Tabb,Ivan,Saby,isabyn1@eepurl.com,346-786-5933,5/15/2020
,Corena,Jazmin,Swindin,jswindinn2@blinklist.com,940-785-0570,8/27/2020
,Angil,Vernon,MacAfee,vmacafeen3@studiopress.com,842-454-5909,05/06/2020
,Tamqrah,Leonore,Gude,lguden4@dion.ne.jp,869-574-2927,12/30/2020
,Angelique,Axe,Mac Giolla Pheadair,amacgiollapheadairn5@jugem.jp,666-634-4805,05/06/2020
,Babbette,Kippy,Doppler,kdopplern6@mashable.com,413-866-0524,08/11/2020
,Kissie,Noach,Fulcher,nfulchern7@microsoft.com,820-357-1220,11/02/2020
,Estel,Con,MacKenney,cmackenneyn8@nhs.uk,571-997-6920,12/23/2020
,Annabal,Debby,Van der Spohr,dvanderspohrn9@economist.com,703-342-3279,8/16/2020
,Nell,Kendal,Corzor,kcorzorna@alexa.com,109-136-7223,05/08/2020
,Hillie,Olivero,Rahlof,orahlofnb@cnn.com,809-549-0555,7/25/2020
,Sisile,Winni,McCritichie,wmccritichienc@umich.edu,294-240-4723,4/20/2020
,Merrili,Iorgo,Hapke,ihapkend@scribd.com,833-842-8404,08/05/2020
,Demetri,Niven,Juarez,njuarezne@usnews.com,796-582-3879,01/05/2021
,Win,Jolene,Hrinchishin,jhrinchishinnf@webs.com,401-105-5683,08/09/2020
,Rickie,Garwood,Wimpey,gwimpeyng@hatena.ne.jp,999-896-7921,9/27/2020
,Everard,Cecelia,Dorrian,cdorriannh@hostgator.com,429-390-6497,10/29/2020
,Shepard,Bram,Spacy,bspacyni@icq.com,923-269-6061,2/23/2021
,Catie,Hyatt,Mordaunt,hmordauntnj@epa.gov,189-404-0748,11/01/2020
,Bobbi,Aurie,Baldocci,abaldoccink@dot.gov,294-368-0134,1/15/2021
,Yule,Reuben,Barling,rbarlingnl@blogtalkradio.com,849-437-0611,7/23/2020
,Mureil,Bertie,Bidgood,bbidgoodnm@howstuffworks.com,758-197-5047,7/25/2020
,Marrilee,Araldo,Brugman,abrugmannn@soundcloud.com,620-651-9638,01/10/2021
,Teodoro,Chelsie,Inworth,cinworthno@intel.com,719-977-5612,10/27/2020
,Holly,Lila,Capeling,lcapelingnp@nifty.com,204-203-6484,8/20/2020
,Gilberto,Cosimo,Papes,cpapesnq@squidoo.com,425-107-2969,4/26/2020
,Deane,Lisbeth,Lavrinov,llavrinovnr@twitpic.com,708-231-8099,07/05/2020
,Elena,Rodge,Aldam,raldamns@domainmarket.com,488-401-3994,4/18/2020
,Mozes,Farr,Neathway,fneathwaynt@blinklist.com,390-479-3451,01/10/2021
,Audrye,Gran,Lunney,glunneynu@infoseek.co.jp,163-630-0939,12/31/2020
,Megen,Banky,Berrigan,bberrigannv@yelp.com,287-211-9389,01/12/2021
,Evonne,Fonsie,Larenson,flarensonnw@opera.com,987-682-8277,4/24/2020
,Sanford,Kailey,Roze,krozenx@cpanel.net,797-920-9606,08/12/2020
,Bernete,Stanleigh,Commuzzo,scommuzzony@comsenz.com,288-326-4236,10/13/2020
,Wernher,Jennee,Stollenbecker,jstollenbeckernz@last.fm,268-196-6669,9/26/2020
,Niki,Xena,Tumielli,xtumiellio0@ebay.co.uk,613-448-5756,10/13/2020
,Regan,Rosalynd,Lebrun,rlebruno1@cdc.gov,224-585-1837,12/10/2020
,Alayne,Kinny,Gedney,kgedneyo2@hao123.com,316-957-9485,4/28/2020
,Roxanna,Adelice,Lesaunier,alesauniero3@china.com.cn,767-221-7391,11/05/2020
,Linea,Lory,Haxbie,lhaxbieo4@xrea.com,889-228-8795,08/10/2020
,Jeddy,Pru,Reneke,prenekeo5@artisteer.com,818-718-5297,09/02/2020
,Clayborne,Jaquenetta,Jarrel,jjarrelo6@odnoklassniki.ru,959-688-5314,7/28/2020
,Felike,Hans,Donan,hdonano7@microsoft.com,583-166-7127,3/30/2020
,Krystal,Mead,Railton,mrailtono8@dion.ne.jp,336-225-2430,9/23/2020
,Marilee,Hansiain,Dewhirst,hdewhirsto9@webmd.com,861-276-6911,07/05/2020
,Seka,Ly,MacMurray,lmacmurrayoa@washingtonpost.com,721-416-4592,04/02/2020
,Randie,Irvine,Oxtarby,ioxtarbyob@sina.com.cn,433-533-2815,7/16/2020
,Pascale,Oliver,Daniell,odanielloc@washingtonpost.com,271-706-6534,11/04/2020
,Matthias,Austin,Ceely,aceelyod@samsung.com,319-238-0940,1/17/2021
,Duky,Harmonia,Cassel,hcasseloe@bing.com,814-822-0279,1/27/2021
,Marianna,Dorris,Polle,dpolleof@usgs.gov,404-554-2058,05/02/2020
,Humphrey,Tirrell,Foan,tfoanog@goo.gl,243-333-4300,06/09/2020
,Fielding,Arliene,Rennocks,arennocksoh@kickstarter.com,989-644-2859,12/03/2020
,Vittoria,Edlin,Hume,ehumeoi@narod.ru,880-550-3136,08/06/2020
,Bethany,Charlean,Karlik,ckarlikoj@163.com,503-121-8515,12/14/2020
,Ignacius,Jodie,Tune,jtuneok@japanpost.jp,805-329-4695,12/26/2020
,Kellby,Amerigo,Willshere,awillshereol@nsw.gov.au,572-961-5546,7/26/2020
,Colet,Gloriana,Pothecary,gpothecaryom@irs.gov,880-994-4958,3/19/2021
,Tiffani,Justin,Gidley,jgidleyon@linkedin.com,640-355-5006,06/11/2020
,Bartolomeo,Bruno,Sellen,bsellenoo@oakley.com,970-527-4739,2/20/2021
,Brandy,Kristi,Fitzharris,kfitzharrisop@amazon.co.uk,427-276-4249,7/22/2020
,Mandi,Eachelle,Castro,ecastrooq@ibm.com,645-822-3517,02/01/2021
,Hagan,Kerianne,Wealleans,kwealleansor@1688.com,407-518-6587,6/16/2020
,Andree,Doretta,Emberton,dembertonos@arizona.edu,354-913-2720,02/02/2021
,Madalena,Deedee,Tansill,dtansillot@t-online.de,392-518-9631,9/20/2020
,Latisha,Darius,Stubbings,dstubbingsou@phoca.cz,834-668-4924,10/27/2020
,Gilda,Regan,Ugolotti,rugolottiov@cargocollective.com,260-997-7051,01/08/2021
,Timmi,Hewe,Emes,hemesow@indiatimes.com,912-937-5272,3/22/2021
,Lynnell,Mignonne,Eggleton,meggletonox@tmall.com,572-801-2600,7/21/2020
,Leann,Merridie,Trammel,mtrammeloy@apache.org,256-680-6306,04/12/2020
,Ester,Emerson,Arthy,earthyoz@infoseek.co.jp,145-362-7619,12/06/2020
,Tobye,Moselle,Pennigar,mpennigarp0@eepurl.com,159-314-3102,1/26/2021
,Ronnica,Jedd,Skelington,jskelingtonp1@theguardian.com,194-470-6799,12/16/2020
,Vasilis,Eleanor,Langcaster,elangcasterp2@msn.com,829-462-9596,11/24/2020
,Rustin,Veronika,Maving,vmavingp3@businessinsider.com,486-471-2826,3/30/2020
,Davide,Elisha,Goodwyn,egoodwynp4@shareasale.com,453-206-0958,03/02/2021
,Lief,Magdalene,Iacobini,miacobinip5@friendfeed.com,971-331-7732,3/28/2020
,Sigismund,Sharline,Jacobovitz,sjacobovitzp6@uol.com.br,339-453-5637,05/10/2020
,Zachery,Elisabet,Eary,eearyp7@statcounter.com,935-157-3102,9/14/2020
,Charlean,Shaine,Dreakin,sdreakinp8@mapy.cz,337-924-4033,10/08/2020
,Farrell,Grete,Mapp,gmappp9@mapy.cz,165-369-8922,6/21/2020
,Kasey,Julienne,Bartkiewicz,jbartkiewiczpa@yelp.com,429-356-4960,09/02/2020
,Anneliese,Bree,Bristo,bbristopb@dailymail.co.uk,177-144-8578,3/29/2020
,Kare,Ellwood,Letherbury,eletherburypc@trellian.com,752-447-8657,12/16/2020
,Renelle,Calhoun,Scrace,cscracepd@meetup.com,523-321-2075,4/25/2020
,Odey,Haleigh,Yuranovev,hyuranovevpe@irs.gov,970-458-1629,03/10/2021
,Trisha,Nicky,Gronno,ngronnopf@wisc.edu,811-677-7496,10/15/2020
,Torrance,Glendon,Goodlud,ggoodludpg@vimeo.com,916-565-3857,08/03/2020
,Sydney,Layne,Juanes,ljuanesph@issuu.com,762-445-4693,06/05/2020
,Dane,Rudolfo,McArley,rmcarleypi@berkeley.edu,579-736-4263,01/09/2021
,Romy,Otes,Leates,oleatespj@yelp.com,319-978-0578,5/14/2020
,Erhard,Emilio,Commin,ecomminpk@umich.edu,734-903-8038,02/12/2021
,Nert,Starla,Longstreet,slongstreetpl@ftc.gov,485-537-3205,1/15/2021
,Falkner,Leopold,Helliar,lhelliarpm@about.me,108-434-2048,4/18/2020
,Gareth,Tabbitha,Fernley,tfernleypn@elpais.com,540-279-7642,7/29/2020
,Frieda,Hedda,Collidge,hcollidgepo@dyndns.org,943-612-6773,10/08/2020
,Issy,Cristy,Guwer,cguwerpp@com.com,407-471-0147,9/24/2020
,Pascal,Garald,Stronghill,gstronghillpq@cbsnews.com,232-760-8101,7/21/2020
,Conni,Omero,Trigg,otriggpr@time.com,517-877-5184,9/22/2020
,Pennie,Pia,Keelan,pkeelanps@merriam-webster.com,604-868-9925,12/27/2020
,Tamra,Evelyn,Jardein,ejardeinpt@netvibes.com,913-691-1904,11/02/2020
,Brigid,Maridel,Soffe,msoffepu@smh.com.au,696-803-3812,10/13/2020
,Helyn,Cariotta,Kenelin,ckenelinpv@earthlink.net,414-358-6680,01/06/2021
,Helena,Leonhard,Davydzenko,ldavydzenkopw@eventbrite.com,439-165-8601,11/03/2020
,Theresa,Emily,Balfe,ebalfepx@dyndns.org,393-333-8949,02/09/2021
,Willy,Lucio,De Laspee,ldelaspeepy@shinystat.com,319-848-5083,3/17/2021
,Agace,Krystle,Wimpey,kwimpeypz@oaic.gov.au,534-103-5127,11/01/2020
,Alana,Alanah,Turone,aturoneq0@wordpress.org,351-111-6318,02/11/2021
,Zorine,Oran,Carlo,ocarloq1@ehow.com,305-133-0410,08/05/2020
,Brenn,Weidar,Bambridge,wbambridgeq2@qq.com,170-329-8156,05/01/2020
,Veriee,Kathrine,Lillow,klillowq3@vimeo.com,723-125-0582,5/19/2020
,Celle,Wendell,Banat,wbanatq4@sohu.com,989-677-0750,5/25/2020
,Hugues,Izabel,Hanhardt,ihanhardtq5@digg.com,389-218-6262,10/22/2020
,Alfy,Tamma,Riccardelli,triccardelliq6@ox.ac.uk,799-433-5850,1/28/2021
,Erasmus,Floria,Danieli,fdanieliq7@umn.edu,993-824-2161,11/30/2020
,Horatia,Lauri,Gellett,lgellettq8@nytimes.com,212-319-6115,05/04/2020
,Abbot,Sven,Stickells,sstickellsq9@accuweather.com,715-364-1918,3/20/2021
,Duncan,Raquel,Cicullo,rciculloqa@feedburner.com,390-789-9629,10/03/2020
,Jesse,Rebecca,Yerborn,ryerbornqb@acquirethisname.com,294-320-9474,10/22/2020
,Templeton,Francklin,Ponde,fpondeqc@blogtalkradio.com,822-601-1946,11/25/2020
,Willi,Morry,Gentsch,mgentschqd@java.com,349-744-5661,11/14/2020
,Roch,Emelia,Lillistone,elillistoneqe@twitter.com,619-199-2748,5/27/2020
,Karlee,Blanch,Scaddon,bscaddonqf@ihg.com,732-463-8239,7/14/2020
,Rosalie,Bald,Bernardo,bbernardoqg@360.cn,847-697-5668,11/22/2020
,Angil,Devora,Callen,dcallenqh@discuz.net,149-226-2433,9/23/2020
,Mable,Seamus,Wormell,swormellqi@slashdot.org,236-456-6498,8/28/2020
,Carrol,Arvin,Caldairou,acaldairouqj@cloudflare.com,155-361-5648,09/10/2020
,Merell,Josh,Sorey,jsoreyqk@bloomberg.com,138-156-9183,10/24/2020
,Mano,Dynah,Persitt,dpersittql@kickstarter.com,257-904-0826,01/08/2021
,Cart,Tremayne,Mammatt,tmammattqm@umich.edu,409-852-3415,8/20/2020
,Junie,Marquita,Izacenko,mizacenkoqn@tripadvisor.com,259-473-4296,6/28/2020
,Bryan,Ashely,Cagan,acaganqo@tamu.edu,718-997-2079,12/28/2020
,Diarmid,Eldridge,Brazer,ebrazerqp@redcross.org,210-714-4595,08/11/2020
,Kendell,Lou,Wrathmall,lwrathmallqq@nifty.com,352-548-2782,6/22/2020
,Roanna,Akim,Salvatore,asalvatoreqr@php.net,827-264-2904,11/16/2020
,Hercules,Jobye,Quantick,jquantickqs@reddit.com,106-349-1419,11/01/2020
,Candy,Chip,Bestar,cbestarqt@facebook.com,624-188-2786,6/22/2020
,Claudianus,Andreana,Leifer,aleiferqu@time.com,740-495-1334,05/04/2020
,Hanan,Tersina,Viccars,tviccarsqv@wikispaces.com,954-685-4134,02/08/2021
,Carol,Lucias,Wakelin,lwakelinqw@cnn.com,746-527-9082,8/13/2020
,Denis,Tarrah,Shewon,tshewonqx@mashable.com,743-352-0702,06/11/2020
,Lucine,Farlie,Berre,fberreqy@rambler.ru,684-678-6773,07/03/2020
,Shae,Emmi,Papes,epapesqz@illinois.edu,998-232-1533,12/13/2020
,Em,Claudio,Endacott,cendacottr0@netscape.com,308-368-0889,11/15/2020
,Celine,Daniela,Cartin,dcartinr1@census.gov,396-945-1999,2/20/2021
,Constantina,Erwin,Collimore,ecollimorer2@army.mil,559-605-1935,6/29/2020
,Angelle,Reggie,Agutter,ragutterr3@reuters.com,760-576-9073,11/26/2020
,Orelle,Cyndy,Jouanet,cjouanetr4@blogspot.com,197-964-4234,10/03/2020
,Alys,Park,Folling,pfollingr5@sourceforge.net,722-895-2930,05/04/2020
,Simeon,Pietrek,Starling,pstarlingr6@ucoz.ru,550-658-5037,5/24/2020
,Gayelord,Kermit,McGarrell,kmcgarrellr7@seesaa.net,575-326-5651,03/06/2021
,Budd,Winne,Sneath,wsneathr8@artisteer.com,841-943-8950,1/30/2021
,Elvin,Raleigh,Merrifield,rmerrifieldr9@senate.gov,515-868-2558,12/06/2020
,Sofie,Coreen,Menezes,cmenezesra@loc.gov,258-910-9047,07/08/2020
,Regina,Walliw,Rozea,wrozearb@washingtonpost.com,568-150-2453,11/05/2020
,Bartholomeo,Maxine,Loxly,mloxlyrc@icq.com,304-525-2064,10/16/2020
,Shoshanna,Fee,Rothera,frotherard@nsw.gov.au,881-481-9471,3/25/2021
,Sharona,Romeo,Roggieri,rroggierire@yale.edu,944-144-9963,10/09/2020
,Gerhard,Nomi,Hughesdon,nhughesdonrf@dropbox.com,923-114-0899,07/12/2020
,Rivi,Rivy,Artus,rartusrg@cocolog-nifty.com,620-192-9670,4/15/2020
,Birdie,Gerri,Sheekey,gsheekeyrh@scribd.com,309-911-5207,4/13/2020
,Minda,Malorie,McCormack,mmccormackri@pcworld.com,352-238-8169,07/09/2020
,Krystyna,Neall,MacKnockiter,nmacknockiterrj@elegantthemes.com,829-136-8598,05/02/2020
,Park,Kinnie,Grisdale,kgrisdalerk@dropbox.com,747-417-5315,3/20/2021
,Allyce,Nevil,Rostern,nrosternrl@utexas.edu,650-726-1442,3/27/2021
,Cherish,Lowe,Ramstead,lramsteadrm@hugedomains.com,892-435-4319,04/03/2020
,Lorry,Peadar,Rosenzveig,prosenzveigrn@cargocollective.com,956-671-8083,02/06/2021
,Linell,Tybalt,Hacun,thacunro@java.com,835-303-1595,01/02/2021
,Job,Idalia,Reith,ireithrp@squarespace.com,820-982-1485,9/28/2020
,Eve,Kirsteni,Trace,ktracerq@psu.edu,181-520-8725,8/16/2020
,Danni,Gusta,Dumphrey,gdumphreyrr@salon.com,997-615-8225,11/04/2020
